Sale_Price,Gr_Liv_Area,Garage_Type,Garage_Cars,Garage_Area,Street,Utilities,Pool_Area,Neighborhood,Screen_Porch,Overall_Qual,Lot_Area,Lot_Frontage,MS_SubClass,Misc_Val,Open_Porch_SF,TotRms_AbvGrd,First_Flr_SF,Second_Flr_SF,Year_Built
244000,2110,Attchd,2,522,Pave,AllPub,0,North_Ames,0,Good,11160,93,One_Story_1946_and_Newer_All_Styles,0,0,8,2110,0,1968
213500,1338,Attchd,2,582,Pave,AllPub,0,Stone_Brook,0,Very_Good,4920,41,One_Story_PUD_1946_and_Newer,0,0,6,1338,0,2001
185000,1187,Attchd,2,420,Pave,AllPub,0,Gilbert,0,Above_Average,7980,0,One_Story_1946_and_Newer_All_Styles,500,21,6,1187,0,1992
394432,1856,Attchd,3,834,Pave,AllPub,0,Stone_Brook,0,Excellent,11394,88,One_Story_1946_and_Newer_All_Styles,0,0,8,1856,0,2010
190000,1844,Attchd,2,546,Pave,AllPub,0,Northwest_Ames,0,Above_Average,11751,105,One_Story_1946_and_Newer_All_Styles,0,122,7,1844,0,1977
149000,NA,Attchd,2,480,Pave,AllPub,0,North_Ames,0,Above_Average,11241,0,One_Story_1946_and_Newer_All_Styles,700,0,5,1004,0,1970
149900,NA,Attchd,2,500,Pave,AllPub,0,North_Ames,0,Average,12537,0,One_Story_1946_and_Newer_All_Styles,0,0,6,1078,0,1971
127500,1069,Attchd,2,440,Pave,AllPub,0,Northpark_Villa,165,Above_Average,4043,53,One_Story_PUD_1946_and_Newer,0,55,4,1069,0,1977
395192,1940,Attchd,3,606,Pave,AllPub,0,Northridge_Heights,0,Excellent,10159,83,One_Story_1946_and_Newer_All_Styles,0,95,8,1940,0,2009
290941,1544,Attchd,3,868,Pave,AllPub,0,Northridge_Heights,0,Very_Good,12883,94,One_Story_1946_and_Newer_All_Styles,0,35,7,1544,0,2009
220000,1541,Attchd,2,532,Pave,AllPub,0,Northridge_Heights,0,Good,12182,95,One_Story_1946_and_Newer_All_Styles,0,70,7,1541,0,2005
275000,1698,Attchd,3,730,Pave,AllPub,0,Northridge_Heights,0,Excellent,11520,90,One_Story_1946_and_Newer_All_Styles,0,74,7,1698,0,2005
320000,2250,Attchd,3,756,Pave,AllPub,0,Northridge_Heights,0,Very_Good,13650,105,Two_Story_1946_and_Newer,0,130,7,1687,563,2002
319900,1752,Attchd,2,576,Pave,AllPub,0,Northridge_Heights,0,Excellent,7658,61,One_Story_PUD_1946_and_Newer,0,82,6,1752,0,2005
185088,NA,BuiltIn,2,433,Pave,AllPub,0,Gilbert,0,Good,8577,63,Two_Story_1946_and_Newer,0,48,7,847,886,2004
180000,NA,BuiltIn,2,400,Pave,AllPub,0,Gilbert,0,Good,7750,0,Split_or_Multilevel,0,0,7,774,656,2000
333168,2599,BuiltIn,3,779,Pave,AllPub,0,Northridge,0,Excellent,14774,108,Two_Story_1946_and_Newer,0,30,10,1422,1177,1999
260400,1720,Attchd,2,527,Pave,AllPub,0,Northridge,0,Good,10593,59,One_Story_1946_and_Newer_All_Styles,0,56,7,1720,0,1996
221000,1839,Attchd,2,486,Pave,AllPub,0,Northridge,0,Good,16770,58,Two_Story_1946_and_Newer,0,81,7,1195,644,1998
254900,1947,Attchd,2,678,Pave,AllPub,0,Somerset,0,Good,12552,100,Two_Story_1946_and_Newer,0,136,8,991,956,2004
152000,1097,Attchd,2,480,Pave,AllPub,0,Sawyer_West,0,Above_Average,9672,81,One_Story_1946_and_Newer_All_Styles,0,0,6,1097,0,1984
67500,1012,Detchd,1,429,Pave,AllPub,0,Sawyer_West,0,Average,9800,70,One_Story_1945_and_Older,0,0,5,1012,0,1920
112000,1902,Attchd,2,539,Pave,AllPub,0,Sawyer,0,Above_Average,8930,68,Duplex_All_Styles_and_Ages,0,0,8,1318,584,1978
138500,894,Detchd,1,336,Pave,AllPub,0,Sawyer,0,Average,8450,65,One_Story_1946_and_Newer_All_Styles,0,144,5,894,0,1965
122000,900,Detchd,1,280,Pave,AllPub,0,Sawyer,0,Average,9819,0,One_Story_1946_and_Newer_All_Styles,0,0,5,900,0,1967
169000,1494,Attchd,2,461,Pave,AllPub,0,Sawyer,0,Above_Average,15410,39,One_Story_1946_and_Newer_All_Styles,0,0,7,1494,0,1974
152000,1236,Detchd,2,480,Pave,AllPub,0,Somerset,0,Above_Average,2544,24,Two_Story_PUD_1946_and_Newer,0,166,4,600,636,2005
155000,1416,Detchd,2,484,Pave,AllPub,0,Somerset,0,Good,2572,24,Two_Story_PUD_1946_and_Newer,0,44,6,696,720,1999
206000,1226,Attchd,2,484,Pave,AllPub,0,Greens,0,Very_Good,3880,40,One_Story_PUD_1946_and_Newer,0,78,4,1226,0,1978
212500,1891,Attchd,2,678,Pave,AllPub,0,Northwest_Ames,0,Above_Average,18837,0,One_and_Half_Story_Finished_All_Ages,0,69,7,1287,604,1978
197500,1381,Attchd,2,676,Pave,AllPub,0,Northwest_Ames,0,Above_Average,9360,78,One_Story_1946_and_Newer_All_Styles,0,0,5,1381,0,1972
142250,1232,Attchd,2,490,Pave,AllPub,0,North_Ames,0,Average,9600,80,One_Story_1946_and_Newer_All_Styles,0,224,6,1232,0,1966
143000,1328,Attchd,2,528,Pave,AllPub,0,Northwest_Ames,0,Above_Average,9790,0,One_Story_1946_and_Newer_All_Styles,0,26,6,1328,0,1963
128950,1225,No_Garage,0,0,Pave,AllPub,0,North_Ames,0,Below_Average,9320,77,One_Story_1946_and_Newer_All_Styles,400,0,6,1225,0,1959
180000,2207,Attchd,2,576,Pave,AllPub,0,North_Ames,0,Good,19900,0,One_Story_1946_and_Newer_All_Styles,0,0,7,2207,0,1970
135000,1604,Attchd,2,576,Pave,AllPub,0,North_Ames,0,Average,8267,70,Duplex_All_Styles_and_Ages,0,0,8,1604,0,1958
165500,1700,Attchd,2,447,Pave,AllPub,0,North_Ames,0,Average,10552,70,One_Story_1946_and_Newer_All_Styles,0,38,6,1700,0,1959
108000,1337,Attchd,1,263,Pave,AllPub,0,North_Ames,0,Below_Average,8382,60,One_and_Half_Story_Finished_All_Ages,0,0,5,832,505,1956
135000,NA,Detchd,1,318,Pave,AllPub,0,North_Ames,0,Average,10950,60,One_Story_1946_and_Newer_All_Styles,0,0,4,1064,0,1952
119000,988,Attchd,1,264,Pave,AllPub,0,North_Ames,0,Average,13587,70,Two_Family_conversion_All_Styles_and_Ages,0,0,5,988,0,1958
109000,1057,Detchd,1,246,Pave,AllPub,0,North_Ames,0,Average,7922,68,One_Story_1946_and_Newer_All_Styles,0,52,5,1057,0,1953
105000,985,Detchd,2,676,Pave,AllPub,0,North_Ames,0,Below_Average,7898,65,One_Story_1945_and_Older,0,0,4,985,0,1920
107500,827,Detchd,1,392,Pave,AllPub,0,North_Ames,0,Average,7200,60,One_Story_1946_and_Newer_All_Styles,0,0,5,827,0,1955
144900,1086,Attchd,2,490,Pave,AllPub,0,North_Ames,0,Average,10200,85,One_Story_1946_and_Newer_All_Styles,0,0,6,1086,0,1954
144000,1056,Detchd,2,576,Pave,AllPub,0,Old_Town,0,Above_Average,6979,64,Duplex_All_Styles_and_Ages,600,56,4,1056,0,1980
132000,1224,Detchd,1,280,Pave,AllPub,0,North_Ames,0,Above_Average,8064,60,One_and_Half_Story_Finished_All_Ages,0,0,5,816,408,1948
134800,NA,Detchd,2,576,Pave,AllPub,0,North_Ames,0,Average,7200,60,One_Story_1946_and_Newer_All_Styles,0,32,5,900,0,1951
160000,NA,Attchd,2,440,Pave,AllPub,0,North_Ames,385,Above_Average,10000,87,One_Story_1946_and_Newer_All_Styles,0,0,5,1116,0,1962
148000,1175,Detchd,2,484,Pave,AllPub,0,North_Ames,0,Average,7635,81,One_Story_1946_and_Newer_All_Styles,0,0,6,1175,0,1960
192000,1395,Attchd,2,440,Pave,AllPub,0,North_Ames,240,Above_Average,9760,80,One_Story_1946_and_Newer_All_Styles,0,0,7,1395,0,1963
155000,1839,Attchd,2,442,Pave,AllPub,0,North_Ames,0,Above_Average,7700,70,Two_Story_1946_and_Newer,0,124,7,1051,788,1966
100000,NA,Detchd,1,315,Pave,AllPub,0,Old_Town,0,Average,8239,0,One_and_Half_Story_Finished_All_Ages,0,0,6,1060,185,1920
149700,NA,Attchd,2,923,Pave,AllPub,0,Old_Town,0,Above_Average,7407,90,One_Story_1946_and_Newer_All_Styles,0,158,6,1236,0,1957
122500,2290,Detchd,2,560,Pave,AllPub,0,Old_Town,0,Below_Average,11340,60,Two_Family_conversion_All_Styles_and_Ages,0,0,11,1246,1044,1885
209500,2068,Detchd,1,315,Pave,AllPub,0,Brookside,0,Good,7793,0,Two_and_Half_Story_All_Ages,0,0,8,1160,908,1922
132000,1453,Detchd,1,240,Pave,AllPub,0,Brookside,148,Average,6360,53,One_and_Half_Story_Finished_All_Ages,0,0,7,955,498,1942
139900,NA,Detchd,1,312,Pave,AllPub,0,Brookside,0,Above_Average,6000,50,One_and_Half_Story_Finished_All_Ages,0,0,6,780,636,1948
138400,1536,Detchd,2,480,Pave,AllPub,0,Brookside,0,Average,6240,52,One_and_Half_Story_Finished_All_Ages,0,10,7,928,608,1930
93369,1884,No_Garage,0,0,Pave,AllPub,0,South_and_West_of_Iowa_State_University,0,Below_Average,6449,0,Two_Story_1945_and_Older,0,0,7,942,942,1907
94000,1020,No_Garage,0,0,Pave,AllPub,0,Sawyer,0,Average,6342,54,One_and_Half_Story_Finished_All_Ages,0,0,6,780,240,1875
136500,1768,No_Garage,0,0,Pave,AllPub,0,Sawyer,0,Below_Average,10778,72,Duplex_All_Styles_and_Ages,0,0,8,1768,0,1968
137250,864,Detchd,1,280,Pave,AllPub,0,Sawyer,0,Average,7832,65,One_Story_1946_and_Newer_All_Styles,0,0,4,864,0,1968
163000,1440,Attchd,2,480,Pave,AllPub,0,Sawyer,0,Average,11227,86,Two_Story_1946_and_Newer,0,38,7,720,720,1968
270000,1483,Attchd,2,690,Pave,AllPub,0,Clear_Creek,0,Good,20062,0,One_Story_1946_and_Newer_All_Styles,0,0,4,1483,0,1977
128000,1067,Attchd,2,436,Pave,AllPub,0,Sawyer,0,Below_Average,9600,60,One_Story_1946_and_Newer_All_Styles,0,0,4,1067,0,1950
260000,1524,Attchd,2,586,Pave,AllPub,0,Clear_Creek,0,Good,23595,0,One_Story_with_Finished_Attic_All_Ages,0,0,4,1332,192,1979
83000,835,Basment,1,366,Pave,AllPub,0,Edwards,0,Average,10625,85,One_Story_1945_and_Older,400,0,5,835,0,1920
129000,1144,Attchd,1,596,Pave,AllPub,0,Edwards,0,Average,9571,68,One_Story_1946_and_Newer_All_Styles,0,0,6,1144,0,1956
128000,1172,Attchd,1,366,Pave,AllPub,0,Edwards,0,Average,9525,75,One_Story_1946_and_Newer_All_Styles,0,0,5,1172,0,1954
320000,3222,Attchd,3,594,Pave,AllPub,0,Sawyer_West,0,Good,12376,90,Two_Story_1946_and_Newer,0,0,11,1699,1523,1990
138500,1445,Detchd,2,484,Pave,AllPub,0,Sawyer_West,0,Above_Average,14235,82,One_and_Half_Story_Finished_All_Ages,0,59,6,831,614,1900
155000,1052,Attchd,2,440,Pave,AllPub,0,Clear_Creek,0,Above_Average,8816,80,Split_or_Multilevel,0,0,6,1052,0,1971
191000,1692,Attchd,2,513,Pave,AllPub,0,College_Creek,0,Good,9337,0,Two_Story_1946_and_Newer,0,39,8,892,800,1997
161750,1392,Attchd,1,299,Pave,AllPub,0,College_Creek,0,Above_Average,10900,0,Two_Story_1946_and_Newer,450,36,6,689,703,1977
128200,NA,Attchd,1,308,Pave,AllPub,0,College_Creek,0,Average,10650,75,One_Story_1946_and_Newer_All_Styles,0,0,5,894,0,1976
143750,NA,Attchd,2,420,Pave,AllPub,0,College_Creek,0,Above_Average,4435,0,One_Story_PUD_1946_and_Newer,0,0,4,848,0,2003
143000,848,Attchd,2,420,Pave,AllPub,0,College_Creek,0,Above_Average,4426,0,One_Story_PUD_1946_and_Newer,0,0,3,848,0,2004
144000,1196,Attchd,1,336,Pave,AllPub,0,Edwards,0,Average,10044,60,One_Story_1946_and_Newer_All_Styles,0,0,6,1196,0,1968
64000,1120,Detchd,2,480,Pave,AllPub,0,Edwards,160,Below_Average,11792,89,One_and_Half_Story_Finished_All_Ages,0,0,5,792,328,1948
128000,1647,Detchd,1,216,Pave,AllPub,0,South_and_West_of_Iowa_State_University,0,Above_Average,6858,66,Two_Story_1945_and_Older,0,66,6,841,806,1915
100000,1666,No_Garage,0,0,Pave,AllPub,0,South_and_West_of_Iowa_State_University,0,Average,9839,51,One_and_Half_Story_Finished_All_Ages,0,156,7,894,772,1931
257500,2133,Attchd,1,312,Pave,AllPub,0,Crawford,0,Good,10452,78,One_and_Half_Story_Finished_All_Ages,0,0,8,1225,908,1941
110000,NA,Detchd,1,625,Pave,AllPub,0,Iowa_DOT_and_Rail_Road,200,Above_Average,9140,50,One_and_Half_Story_Finished_All_Ages,0,56,5,727,380,1921
68400,1128,Detchd,2,528,Pave,AllPub,0,Iowa_DOT_and_Rail_Road,0,Below_Average,7500,60,One_and_Half_Story_Finished_All_Ages,0,0,6,698,430,1920
50138,952,Detchd,1,330,Grvl,AllPub,0,Iowa_DOT_and_Rail_Road,0,Below_Average,8712,66,One_Story_1945_and_Older,0,0,5,952,0,1896
170000,2048,More_Than_Two_Types,2,776,Pave,AllPub,0,Mitchell,0,Above_Average,12760,0,Duplex_All_Styles_and_Ages,0,0,9,2048,0,1976
269500,NA,BuiltIn,3,680,Pave,AllPub,0,Timberland,0,Very_Good,12003,92,Two_Story_1946_and_Newer,0,75,8,774,1194,2009
214900,1894,BuiltIn,2,510,Pave,AllPub,0,Timberland,0,Good,11316,80,Two_Story_1946_and_Newer,0,40,8,824,1070,2002
166500,1344,Attchd,2,686,Pave,AllPub,0,Mitchell,0,Average,11875,0,One_Story_1946_and_Newer_All_Styles,0,0,7,1344,0,1999
85000,1112,Attchd,1,336,Pave,AllPub,0,Meadow_Village,0,Average,2592,36,Two_Story_PUD_1946_and_Newer,0,0,4,536,576,1976
75500,630,No_Garage,0,0,Pave,AllPub,0,Meadow_Village,0,Below_Average,1491,21,PUD_Multilevel_Split_Level_Foyer,0,24,3,630,0,1972
88250,1092,No_Garage,0,0,Pave,AllPub,0,Meadow_Village,0,Below_Average,1900,21,Two_Story_PUD_1946_and_Newer,0,0,5,546,546,1970
130000,874,Detchd,1,352,Pave,AllPub,0,Mitchell,0,Average,6953,50,One_Story_1946_and_Newer_All_Styles,0,0,5,874,0,1971
157900,1188,Attchd,1,312,Pave,AllPub,0,Mitchell,0,Average,26142,0,One_Story_1946_and_Newer_All_Styles,0,39,6,1188,0,1962
161000,1479,Attchd,1,275,Pave,AllPub,0,Mitchell,0,Average,10544,68,One_and_Half_Story_Finished_All_Ages,0,0,8,864,615,1969
285000,1803,Attchd,2,482,Pave,AllPub,0,Mitchell,0,Very_Good,9892,76,One_Story_1946_and_Newer_All_Styles,0,64,6,1803,0,1994
270000,2283,BuiltIn,3,632,Pave,AllPub,0,Gilbert,0,Very_Good,11792,0,Two_Story_1946_and_Newer,0,46,9,1008,1275,2003
239500,1734,Attchd,2,528,Pave,AllPub,0,Stone_Brook,0,Very_Good,8013,57,One_Story_PUD_1946_and_Newer,0,50,6,1734,0,1995
191000,1636,Attchd,2,440,Pave,AllPub,0,Gilbert,0,Above_Average,7500,60,Two_Story_1946_and_Newer,0,84,7,952,684,1998
185000,1470,BuiltIn,2,420,Pave,AllPub,0,Gilbert,0,Above_Average,9765,0,Two_Story_1946_and_Newer,480,63,6,680,790,1993
166000,1190,Attchd,2,430,Pave,AllPub,0,Gilbert,0,Above_Average,7250,58,One_Story_1946_and_Newer_All_Styles,0,21,6,1190,0,1993
178000,1593,BuiltIn,2,389,Pave,AllPub,0,Gilbert,0,Above_Average,9636,0,Two_Story_1946_and_Newer,0,40,7,808,785,1992
225000,1983,Attchd,2,490,Pave,AllPub,0,Gilbert,0,Good,10762,0,Two_Story_1946_and_Newer,0,0,9,1005,978,1999
260000,1530,Attchd,2,430,Pave,AllPub,0,Stone_Brook,0,Good,16158,124,One_Story_1946_and_Newer_All_Styles,0,36,7,1530,0,2005
215000,1602,Attchd,2,529,Pave,AllPub,0,Northwest_Ames,0,Above_Average,16635,0,One_Story_1946_and_Newer_All_Styles,0,0,8,1602,0,1977
154000,2050,Attchd,2,529,Pave,AllPub,0,Northwest_Ames,0,Good,13250,0,Two_Story_1946_and_Newer,0,192,8,1154,896,1978
278000,2524,Attchd,2,542,Pave,AllPub,0,Northwest_Ames,0,Very_Good,9600,80,One_Story_1946_and_Newer_All_Styles,0,120,9,2524,0,1981
220000,1874,Attchd,2,588,Pave,AllPub,0,Somerset,0,Very_Good,7500,0,Two_Story_1946_and_Newer,0,134,7,1058,816,2000
213000,1621,Attchd,2,478,Pave,AllPub,0,Northwest_Ames,490,Average,9373,0,One_Story_1946_and_Newer_All_Styles,0,0,7,1621,0,1975
120500,864,Detchd,2,660,Pave,AllPub,0,North_Ames,0,Below_Average,6960,60,One_Story_1946_and_Newer_All_Styles,500,0,5,864,0,1970
130000,864,Detchd,2,576,Pave,AllPub,0,North_Ames,0,Below_Average,9000,60,One_Story_1946_and_Newer_All_Styles,0,0,5,864,0,1971
125000,NA,Attchd,2,440,Pave,AllPub,0,Briardale,0,Average,2368,24,Two_Story_PUD_1946_and_Newer,0,36,7,765,600,1970
137900,1456,Attchd,2,440,Pave,AllPub,0,Northpark_Villa,0,Above_Average,2349,24,Two_Story_PUD_1946_and_Newer,0,28,6,855,601,1977
100000,NA,Attchd,1,288,Pave,AllPub,0,North_Ames,0,Average,7150,65,One_Story_1946_and_Newer_All_Styles,0,0,5,892,0,1967
337500,1718,Attchd,3,786,Pave,AllPub,0,Northridge_Heights,0,Very_Excellent,12456,96,One_Story_1946_and_Newer_All_Styles,0,48,7,1718,0,2006
485000,3140,BuiltIn,3,820,Pave,AllPub,0,Northridge_Heights,0,Excellent,13518,104,Two_Story_1946_and_Newer,0,78,11,1966,1174,2008
256300,1600,Attchd,3,890,Pave,AllPub,0,Northridge_Heights,0,Very_Good,14230,110,One_Story_1946_and_Newer_All_Styles,0,56,7,1600,0,2007
335000,2184,Attchd,3,836,Pave,AllPub,0,Northridge_Heights,0,Excellent,11308,96,Two_Story_1946_and_Newer,0,102,10,1130,1054,2008
610000,2674,Attchd,3,762,Pave,AllPub,0,Northridge_Heights,0,Very_Excellent,13693,105,One_Story_1946_and_Newer_All_Styles,0,50,8,2674,0,2007
274900,1713,Attchd,3,856,Pave,AllPub,0,Northridge_Heights,170,Very_Good,9591,76,One_Story_1946_and_Newer_All_Styles,0,26,7,1713,0,2004
300000,1531,Attchd,3,700,Pave,AllPub,0,Northridge_Heights,0,Excellent,10872,77,One_Story_1946_and_Newer_All_Styles,0,52,6,1531,0,2006
280000,1836,Attchd,3,862,Pave,AllPub,0,Northridge_Heights,0,Very_Good,11362,107,One_Story_1946_and_Newer_All_Styles,0,185,7,1836,0,2004
445000,2452,Attchd,3,886,Pave,AllPub,0,Northridge_Heights,0,Excellent,15274,110,One_Story_1946_and_Newer_All_Styles,0,116,10,2452,0,2003
290000,NA,BuiltIn,3,730,Pave,AllPub,0,Northridge_Heights,0,Very_Good,13262,96,Two_Story_1946_and_Newer,0,40,10,1105,1295,2003
196000,1306,Attchd,2,624,Pave,AllPub,0,Northridge_Heights,0,Above_Average,5381,34,One_Story_PUD_1946_and_Newer,0,63,5,1306,0,2005
174000,1560,BuiltIn,2,400,Pave,AllPub,0,Gilbert,0,Above_Average,11911,122,Two_Story_1946_and_Newer,0,38,6,684,876,2005
174000,1555,Attchd,3,660,Pave,AllPub,0,Bloomington_Heights,0,Good,3684,53,One_Story_PUD_1946_and_Newer,0,20,7,1555,0,2007
175900,1569,Attchd,3,660,Pave,AllPub,0,Bloomington_Heights,0,Good,3635,51,One_Story_PUD_1946_and_Newer,0,20,7,1569,0,2007
189500,1630,BuiltIn,2,436,Pave,AllPub,0,Gilbert,0,Good,7984,62,Two_Story_1946_and_Newer,0,48,7,868,762,2004
257500,2004,BuiltIn,3,644,Pave,AllPub,0,Gilbert,0,Very_Good,12891,0,Two_Story_1946_and_Newer,0,48,8,878,1126,2002
179000,1800,Attchd,2,463,Pave,AllPub,0,Gilbert,0,Above_Average,8123,60,Two_Story_1946_and_Newer,0,63,7,1007,793,2000
156000,NA,BuiltIn,2,400,Pave,AllPub,0,Gilbert,0,Good,7750,62,Split_or_Multilevel,0,0,7,774,656,1999
181000,NA,BuiltIn,2,502,Pave,AllPub,0,Gilbert,0,Above_Average,24682,0,Two_Story_1946_and_Newer,0,103,7,892,783,1999
337000,2365,Attchd,3,856,Pave,AllPub,0,Northridge,180,Very_Good,9430,82,Two_Story_1946_and_Newer,0,128,8,1268,1097,1999
403000,NA,Attchd,3,810,Pave,AllPub,0,Northridge,0,Very_Good,15138,174,Two_Story_1946_and_Newer,0,146,9,1490,1304,1995
315000,2063,Attchd,3,815,Pave,AllPub,0,Northridge,0,Very_Good,10750,0,One_Story_1946_and_Newer_All_Styles,0,56,7,2063,0,1994
260000,2061,Attchd,2,647,Pave,AllPub,0,Northridge,0,Good,9085,79,Two_Story_1946_and_Newer,0,102,7,1094,967,1995
244600,NA,Attchd,3,898,Pave,AllPub,0,Somerset,0,Very_Good,9612,74,One_Story_1946_and_Newer_All_Styles,0,150,6,1468,0,2008
257500,1658,Attchd,3,726,Pave,AllPub,0,Somerset,0,Very_Good,10206,78,One_Story_1946_and_Newer_All_Styles,0,44,7,1658,0,2008
468000,2490,Attchd,3,795,Pave,AllPub,0,Somerset,0,Excellent,11128,85,One_Story_1946_and_Newer_All_Styles,0,226,9,2490,0,2005
208300,1218,Attchd,2,676,Pave,AllPub,0,Somerset,0,Above_Average,7862,75,One_Story_1946_and_Newer_All_Styles,0,102,4,1218,0,2009
250000,1530,Attchd,3,984,Pave,AllPub,0,Somerset,0,Excellent,12606,112,One_Story_1946_and_Newer_All_Styles,0,136,7,1530,0,2007
370878,1766,Attchd,3,478,Pave,AllPub,0,Somerset,0,Excellent,9187,85,One_Story_1946_and_Newer_All_Styles,0,130,7,1766,0,2009
238500,1448,Attchd,2,692,Pave,AllPub,0,Somerset,0,Very_Good,7500,75,One_Story_1946_and_Newer_All_Styles,0,140,6,1448,0,2006
234500,1553,Attchd,2,588,Pave,AllPub,0,Somerset,0,Good,8736,68,One_Story_1946_and_Newer_All_Styles,0,88,6,1553,0,2003
209000,1653,Attchd,2,628,Pave,AllPub,0,Somerset,0,Good,8127,65,Two_Story_1946_and_Newer,0,45,6,812,841,2003
152000,1141,Detchd,2,484,Pave,AllPub,0,Sawyer_West,0,Good,7500,63,One_Story_1946_and_Newer_All_Styles,0,0,6,1141,0,2006
142000,1114,No_Garage,0,0,Pave,AllPub,0,Sawyer_West,0,Average,13072,63,One_Story_1946_and_Newer_All_Styles,0,39,6,1114,0,2004
220000,2122,Attchd,2,559,Pave,AllPub,0,Sawyer_West,0,Good,11492,43,Two_Story_1946_and_Newer,0,74,8,913,1209,1996
189000,1434,Attchd,2,527,Pave,AllPub,0,Sawyer_West,0,Good,8529,65,One_Story_1946_and_Newer_All_Styles,0,39,6,1434,0,2001
162000,1400,Attchd,2,465,Pave,AllPub,0,Sawyer_West,0,Above_Average,10274,0,Two_Story_1946_and_Newer,0,48,6,698,702,1986
110000,980,Detchd,2,400,Pave,AllPub,0,Sawyer,0,Average,9750,63,One_Story_1946_and_Newer_All_Styles,0,28,5,980,0,1962
141000,864,Detchd,2,732,Pave,AllPub,0,Sawyer,0,Average,8499,0,One_Story_1946_and_Newer_All_Styles,0,312,5,864,0,1961
129000,912,Attchd,1,300,Pave,AllPub,0,Sawyer,0,Average,7791,0,One_Story_1946_and_Newer_All_Styles,0,0,6,912,0,1963
62383,864,Detchd,1,360,Pave,AllPub,0,Sawyer,0,Average,8281,60,One_Story_1946_and_Newer_All_Styles,0,0,5,864,0,1965
180000,1512,Detchd,2,440,Pave,AllPub,0,Somerset,0,Above_Average,2998,34,Two_Story_PUD_1946_and_Newer,0,32,4,756,756,2000
156000,1452,Detchd,2,506,Pave,AllPub,0,Somerset,0,Good,3768,35,Two_Story_PUD_1946_and_Newer,0,34,6,713,739,1999
318750,1694,Attchd,2,642,Pave,AllPub,0,Veenker,0,Very_Good,14694,0,One_Story_1946_and_Newer_All_Styles,0,120,5,1694,0,1977
154000,1556,Attchd,2,441,Pave,AllPub,0,Northwest_Ames,0,Above_Average,11700,78,Two_Story_1946_and_Newer,0,0,8,829,727,1968
185000,1442,Attchd,2,615,Pave,AllPub,0,Northwest_Ames,0,Above_Average,11717,0,One_Story_1946_and_Newer_All_Styles,0,0,6,1442,0,1970
200000,2090,Attchd,2,484,Pave,AllPub,0,Northwest_Ames,0,Good,10382,0,Two_Story_1946_and_Newer,350,204,7,1107,983,1973
162000,1395,Attchd,2,497,Pave,AllPub,0,Northwest_Ames,0,Above_Average,12936,0,Two_Story_1946_and_Newer,0,116,6,735,660,1972
117500,925,Detchd,1,429,Pave,AllPub,0,North_Ames,0,Average,9100,70,One_Story_1946_and_Newer_All_Styles,0,0,5,925,0,1965
127500,864,Detchd,1,300,Pave,AllPub,0,North_Ames,0,Above_Average,9100,70,One_Story_1946_and_Newer_All_Styles,450,0,5,864,0,1959
140000,1362,Attchd,3,768,Pave,AllPub,0,North_Ames,0,Below_Average,9450,0,One_Story_1946_and_Newer_All_Styles,0,0,6,1362,0,1957
124500,1041,Attchd,1,270,Pave,AllPub,0,North_Ames,0,Average,9600,80,One_Story_1946_and_Newer_All_Styles,0,88,6,1041,0,1959
175000,1691,Attchd,2,550,Pave,AllPub,0,North_Ames,0,Above_Average,9900,90,One_Story_1946_and_Newer_All_Styles,0,67,5,1691,0,1967
128900,1050,Attchd,1,338,Pave,AllPub,0,North_Ames,0,Average,9600,80,One_Story_1946_and_Newer_All_Styles,0,0,5,1050,0,1956
147000,1113,Attchd,1,264,Pave,AllPub,0,North_Ames,0,Average,9600,80,One_Story_1946_and_Newer_All_Styles,0,80,5,1113,0,1950
187500,1453,Attchd,2,530,Pave,AllPub,0,North_Ames,288,Above_Average,10573,92,One_Story_1946_and_Newer_All_Styles,0,49,6,1453,0,1961
159000,1394,Attchd,2,514,Pave,AllPub,0,North_Ames,185,Above_Average,9500,0,One_Story_1946_and_Newer_All_Styles,0,76,6,1394,0,1963
256000,1567,Attchd,2,542,Pave,AllPub,0,North_Ames,342,Above_Average,14695,80,One_Story_1946_and_Newer_All_Styles,0,110,5,1567,0,1966
205000,1986,Attchd,2,486,Pave,AllPub,0,North_Ames,189,Good,13600,85,Two_Story_1946_and_Newer,0,42,7,1186,800,1965
110000,1392,Attchd,2,576,Pave,AllPub,0,North_Ames,0,Above_Average,13560,120,One_Story_1946_and_Newer_All_Styles,0,0,5,1392,0,1968
104900,1738,Attchd,1,368,Pave,AllPub,0,North_Ames,0,Below_Average,12513,0,One_and_Half_Story_Finished_All_Ages,0,0,7,1281,457,1920
149500,988,Attchd,1,297,Pave,AllPub,0,North_Ames,0,Above_Average,9240,66,One_Story_1946_and_Newer_All_Styles,0,0,6,988,0,1959
153000,1382,Attchd,1,350,Pave,AllPub,0,North_Ames,0,Average,8750,70,One_Story_1946_and_Newer_All_Styles,0,0,6,1382,0,1955
144000,1200,Attchd,1,294,Pave,AllPub,0,North_Ames,0,Below_Average,10400,80,One_Story_1946_and_Newer_All_Styles,0,189,6,1200,0,1956
176000,1382,Attchd,2,884,Pave,AllPub,0,North_Ames,0,Above_Average,19296,120,Split_or_Multilevel,0,0,6,1382,0,1962
135000,NA,Detchd,2,495,Pave,AllPub,0,North_Ames,0,Average,9482,76,Duplex_All_Styles_and_Ages,0,0,8,1866,0,1958
131000,1062,Attchd,1,297,Pave,AllPub,0,North_Ames,0,Above_Average,8128,53,One_Story_1946_and_Newer_All_Styles,0,0,6,1062,0,1954
126000,1112,Basment,2,480,Pave,AllPub,0,North_Ames,255,Average,13070,67,One_Story_1946_and_Newer_All_Styles,0,0,5,1112,0,1951
145500,1031,Attchd,1,230,Pave,AllPub,0,North_Ames,0,Average,7626,60,One_Story_1946_and_Newer_All_Styles,0,0,5,1031,0,1952
102900,1210,Attchd,1,616,Pave,AllPub,0,North_Ames,0,Average,9533,75,One_Story_1946_and_Newer_All_Styles,0,0,7,1210,0,1953
129900,1200,Attchd,1,246,Pave,AllPub,0,North_Ames,0,Average,9600,60,One_Story_1946_and_Newer_All_Styles,0,0,6,1200,0,1950
135000,1656,Detchd,1,180,Pave,AllPub,0,Old_Town,0,Average,10410,60,One_and_Half_Story_Finished_All_Ages,0,0,8,808,704,1916
149000,1352,Detchd,2,720,Pave,AllPub,0,Old_Town,0,Average,10800,60,Two_Story_1946_and_Newer,0,0,7,676,676,1939
109500,NA,Detchd,1,240,Pave,AllPub,0,Old_Town,0,Average,9022,52,One_Story_1945_and_Older,0,0,5,792,0,1924
59000,599,No_Garage,0,0,Pave,AllPub,0,Old_Town,0,Poor,5400,90,One_Story_1945_and_Older,0,81,4,599,0,1940
105000,1374,Detchd,1,338,Pave,AllPub,0,Old_Town,0,Below_Average,5400,90,One_and_Half_Story_Finished_All_Ages,0,0,6,840,534,1920
163000,1040,Attchd,2,480,Pave,AllPub,0,North_Ames,0,Above_Average,11500,77,One_Story_1946_and_Newer_All_Styles,0,0,6,1040,0,1967
200000,2634,Detchd,4,968,Pave,AllPub,0,North_Ames,0,Average,11643,91,Duplex_All_Styles_and_Ages,0,0,12,1338,1296,1969
113500,NA,Basment,1,384,Pave,AllPub,0,North_Ames,0,Above_Average,9000,80,One_Story_1946_and_Newer_All_Styles,0,28,5,1142,0,1958
133000,1268,Attchd,1,288,Pave,AllPub,0,North_Ames,0,Average,12144,60,One_Story_with_Finished_Attic_All_Ages,0,28,6,1036,0,1949
90000,1040,Detchd,2,420,Pave,AllPub,0,North_Ames,0,Below_Average,7200,60,Duplex_All_Styles_and_Ages,0,0,6,1040,0,1949
132500,1148,Attchd,1,672,Pave,AllPub,0,North_Ames,0,Average,7931,70,One_Story_1946_and_Newer_All_Styles,0,0,6,1148,0,1959
145000,941,Attchd,2,564,Pave,AllPub,0,North_Ames,0,Average,8604,75,Duplex_All_Styles_and_Ages,0,40,4,941,0,1978
128900,1378,Detchd,1,162,Pave,AllPub,0,Old_Town,0,Above_Average,4080,68,One_and_Half_Story_Finished_All_Ages,0,0,6,861,517,1935
66500,NA,Detchd,1,200,Pave,AllPub,0,Old_Town,0,Average,5720,52,One_and_Half_Story_Finished_All_Ages,0,0,5,676,455,1941
150000,1558,Detchd,2,400,Pave,AllPub,0,Old_Town,182,Average,6406,57,Two_Story_1945_and_Older,0,36,7,868,690,1939
107500,2372,Attchd,1,432,Pave,AllPub,0,Old_Town,0,Average,6600,60,Two_Story_1945_and_Older,0,287,11,1378,994,1892
135000,1389,Detchd,1,240,Pave,AllPub,0,Old_Town,0,Good,3378,60,Two_Story_1946_and_Newer,0,0,6,707,682,1946
129500,NA,Detchd,1,308,Pave,AllPub,0,Old_Town,0,Average,6000,50,One_and_Half_Story_Finished_All_Ages,0,12,6,768,560,1950
91300,NA,Attchd,1,273,Pave,AllPub,0,Old_Town,0,Average,5784,50,One_Story_1945_and_Older,0,20,4,886,0,1938
168000,1742,Attchd,2,424,Pave,AllPub,0,Old_Town,0,Very_Good,17671,121,Two_Story_1945_and_Older,0,169,8,916,826,1882
58500,816,No_Garage,0,0,Pave,AllPub,0,Old_Town,0,Below_Average,3300,0,One_Story_1945_and_Older,0,33,5,816,0,1910
143000,1482,Detchd,2,324,Pave,AllPub,0,Old_Town,0,Good,9000,50,Two_Story_1945_and_Older,0,0,7,832,650,1920
124900,1869,Detchd,2,456,Pave,AllPub,0,Old_Town,0,Average,8820,98,One_and_Half_Story_Finished_All_Ages,0,0,7,1188,561,1890
34900,720,No_Garage,0,0,Pave,AllPub,0,Iowa_DOT_and_Rail_Road,0,Below_Average,7879,60,One_Story_1945_and_Older,0,523,4,720,0,1920
134900,1176,Detchd,2,624,Pave,AllPub,0,Brookside,0,Above_Average,6000,50,One_and_Half_Story_Finished_All_Ages,0,0,4,786,390,1937
117000,1348,Detchd,1,216,Pave,AllPub,0,Brookside,0,Average,6000,50,One_and_Half_Story_Finished_All_Ages,0,0,5,884,464,1925
93000,1142,Attchd,1,320,Pave,AllPub,0,Brookside,0,Average,6000,60,One_and_Half_Story_Finished_All_Ages,0,0,6,822,320,1924
119000,904,Detchd,1,180,Pave,AllPub,0,Brookside,0,Above_Average,6000,50,One_and_Half_Story_Unfinished_All_Ages,0,0,4,904,0,1926
141500,1539,Detchd,2,576,Pave,AllPub,0,Brookside,0,Average,6120,51,One_and_Half_Story_Finished_All_Ages,0,0,5,1067,472,1936
133000,1573,Detchd,1,240,Pave,AllPub,0,Brookside,120,Below_Average,6120,51,One_and_Half_Story_Finished_All_Ages,0,0,6,989,584,1935
123000,1427,Attchd,1,379,Pave,AllPub,0,Old_Town,0,Above_Average,5775,0,Two_Story_1945_and_Older,0,24,7,741,686,1915
97500,1864,No_Garage,0,0,Pave,AllPub,0,Old_Town,0,Good,5852,41,Two_Family_conversion_All_Styles_and_Ages,0,188,9,978,886,1902
70000,892,No_Garage,0,0,Pave,AllPub,0,Iowa_DOT_and_Rail_Road,160,Below_Average,5160,86,Split_Foyer,0,0,5,892,0,1923
88750,704,CarPort,1,220,Pave,AllPub,0,Sawyer,0,Below_Average,4280,50,One_Story_1946_and_Newer_All_Styles,0,0,4,704,0,1946
159900,1152,Detchd,1,252,Pave,AllPub,0,Edwards,0,Average,10547,0,Duplex_All_Styles_and_Ages,0,0,6,1152,0,1978
139000,NA,Detchd,2,480,Pave,AllPub,0,Sawyer,0,Average,8816,80,One_Story_1946_and_Newer_All_Styles,0,80,5,1121,0,1963
113500,1052,Attchd,1,668,Pave,AllPub,0,Sawyer,0,Average,11625,75,One_Story_1946_and_Newer_All_Styles,0,215,6,1052,0,1967
130000,899,Attchd,1,288,Pave,AllPub,0,Sawyer,0,Average,7800,65,One_Story_1946_and_Newer_All_Styles,0,0,5,899,0,1967
137000,860,Detchd,2,528,Pave,AllPub,0,Sawyer,0,Average,8740,74,Split_Foyer,0,0,4,860,0,1982
139000,1092,Attchd,1,288,Pave,AllPub,0,Sawyer,0,Average,11616,0,One_Story_1946_and_Newer_All_Styles,0,20,6,1092,0,1962
148000,1138,Attchd,2,480,Pave,AllPub,0,Sawyer,140,Above_Average,15312,88,Split_or_Multilevel,0,0,6,1138,0,1960
143000,1473,Attchd,1,452,Pave,AllPub,0,Clear_Creek,60,Average,25095,65,One_Story_1946_and_Newer_All_Styles,0,48,5,1473,0,1968
127500,1689,Attchd,2,480,Pave,AllPub,0,Edwards,0,Above_Average,9855,73,One_Story_1946_and_Newer_All_Styles,0,0,7,1689,0,1956
131000,1716,Attchd,1,281,Pave,AllPub,0,Edwards,160,Average,11409,60,One_and_Half_Story_Finished_All_Ages,0,0,8,1148,568,1949
108000,NA,Detchd,1,296,Pave,AllPub,0,Edwards,0,Below_Average,9084,60,Two_Story_1945_and_Older,0,0,7,755,755,1940
162000,1061,Attchd,2,462,Pave,AllPub,0,Sawyer_West,0,Good,10778,74,Split_or_Multilevel,0,36,4,1061,0,1990
316600,NA,BuiltIn,2,612,Pave,AllPub,0,Sawyer_West,0,Very_Good,12327,79,One_and_Half_Story_Finished_All_Ages,0,40,5,1496,636,1983
271900,2196,Attchd,3,701,Pave,AllPub,0,Sawyer_West,0,Good,14684,90,One_Story_1946_and_Newer_All_Styles,0,70,7,2196,0,1990
213000,NA,Attchd,2,425,Pave,AllPub,0,Sawyer_West,0,Good,9317,75,Two_Story_1946_and_Newer,0,72,7,1006,769,1993
118964,NA,Attchd,2,410,Pave,AllPub,0,Sawyer_West,0,Average,7018,64,Duplex_All_Styles_and_Ages,0,0,8,1535,0,1979
142953,2240,Detchd,2,528,Pave,AllPub,0,Sawyer_West,0,Average,7018,64,Duplex_All_Styles_and_Ages,0,0,12,1120,1120,1979
269500,2787,BuiltIn,4,820,Pave,AllPub,0,Sawyer_West,0,Good,7976,0,Duplex_All_Styles_and_Ages,0,0,8,1168,1619,2000
239000,1800,Attchd,2,702,Pave,AllPub,0,College_Creek,0,Excellent,11923,122,One_Story_1946_and_Newer_All_Styles,0,136,7,1800,0,2007
220000,1604,Attchd,2,660,Pave,AllPub,0,College_Creek,0,Good,8814,68,One_Story_1946_and_Newer_All_Styles,0,110,8,1604,0,2006
200000,1290,Attchd,2,662,Pave,AllPub,0,College_Creek,0,Good,6762,64,One_Story_1946_and_Newer_All_Styles,0,0,6,1290,0,2007
221800,1254,Attchd,3,810,Pave,AllPub,0,College_Creek,0,Very_Good,10324,95,One_Story_1946_and_Newer_All_Styles,0,92,5,1254,0,2008
194500,1232,Attchd,2,632,Pave,AllPub,0,College_Creek,0,Good,7314,64,One_Story_1946_and_Newer_All_Styles,0,0,6,1232,0,2007
233500,1759,Attchd,2,525,Pave,AllPub,0,Clear_Creek,0,Good,16698,0,Two_Story_1946_and_Newer,0,193,7,944,815,1992
185000,2126,Attchd,2,538,Pave,AllPub,0,Clear_Creek,225,Average,28698,0,Two_Story_1946_and_Newer,0,0,7,1160,966,1967
152000,1040,Detchd,2,576,Pave,AllPub,0,College_Creek,0,Average,12464,82,One_Story_1946_and_Newer_All_Styles,0,0,6,1040,0,1996
212000,NA,Attchd,2,550,Pave,AllPub,0,College_Creek,0,Good,10667,43,Two_Story_1946_and_Newer,0,61,6,827,834,1996
207000,1463,Attchd,2,539,Pave,AllPub,0,College_Creek,0,Good,14753,65,One_Story_1946_and_Newer_All_Styles,0,81,5,1463,0,1998
138000,990,Detchd,2,480,Pave,AllPub,0,College_Creek,0,Average,8072,60,One_Story_1946_and_Newer_All_Styles,0,64,5,990,0,1994
197900,1779,Attchd,2,546,Pave,AllPub,0,College_Creek,0,Good,10400,80,Two_Story_1946_and_Newer,0,36,6,866,913,1998
200000,1772,Attchd,2,492,Pave,AllPub,0,College_Creek,0,Above_Average,8750,70,Two_Story_1946_and_Newer,0,96,7,928,844,1998
195000,1660,Attchd,2,493,Pave,AllPub,0,College_Creek,0,Good,8935,68,Two_Story_1946_and_Newer,0,68,7,831,829,2002
227000,NA,Attchd,2,544,Pave,AllPub,0,College_Creek,0,Good,9808,67,One_Story_1946_and_Newer_All_Styles,0,72,6,1573,0,2002
140000,907,Attchd,1,343,Pave,AllPub,0,College_Creek,0,Average,16269,0,One_Story_1946_and_Newer_All_Styles,0,0,5,907,0,1978
150500,1040,Detchd,2,484,Pave,AllPub,0,College_Creek,288,Average,8800,61,One_Story_1946_and_Newer_All_Styles,0,0,5,1040,0,1977
143500,NA,Detchd,1,252,Pave,AllPub,0,College_Creek,0,Average,9286,0,One_Story_1946_and_Newer_All_Styles,0,0,5,1268,0,1977
133500,864,Attchd,1,338,Pave,AllPub,0,College_Creek,0,Average,15523,36,One_Story_1946_and_Newer_All_Styles,0,0,5,864,0,1972
123000,894,Detchd,2,600,Pave,AllPub,0,College_Creek,0,Average,7200,60,One_Story_1946_and_Newer_All_Styles,0,0,6,894,0,1972
133000,768,Detchd,2,396,Pave,AllPub,0,College_Creek,0,Average,8445,70,Split_Foyer,0,0,5,768,0,1972
250000,1611,Attchd,3,1231,Pave,AllPub,0,College_Creek,0,Good,11664,90,One_Story_1946_and_Newer_All_Styles,0,93,6,1611,0,2002
203000,1504,Attchd,2,478,Pave,AllPub,0,College_Creek,0,Good,11883,73,One_Story_1946_and_Newer_All_Styles,0,66,6,1504,0,1996
279500,NA,Attchd,2,523,Pave,AllPub,0,College_Creek,0,Very_Good,12782,0,One_Story_1946_and_Newer_All_Styles,0,144,7,1828,0,2002
210000,1417,Attchd,2,511,Pave,AllPub,0,College_Creek,117,Good,8750,70,One_Story_1946_and_Newer_All_Styles,0,0,7,1417,0,1997
178000,1212,Attchd,2,573,Pave,AllPub,0,College_Creek,0,Good,9100,70,One_Story_1946_and_Newer_All_Styles,0,0,6,1212,0,2001
140000,848,Attchd,2,420,Pave,AllPub,0,College_Creek,0,Above_Average,4435,0,One_Story_PUD_1946_and_Newer,0,0,4,848,0,2003
190000,NA,Attchd,2,572,Pave,AllPub,0,College_Creek,0,Good,9313,65,Two_Story_1946_and_Newer,0,56,7,864,864,2004
127000,1149,More_Than_Two_Types,1,544,Pave,AllPub,0,Edwards,0,Below_Average,10682,80,One_Story_1946_and_Newer_All_Styles,0,240,7,1149,0,1960
125000,1125,Detchd,1,352,Pave,AllPub,0,Edwards,0,Above_Average,7200,72,Split_or_Multilevel,0,0,6,1125,0,1976
98000,1529,Detchd,1,240,Pave,AllPub,0,Edwards,0,Below_Average,8405,50,One_and_Half_Story_Finished_All_Ages,0,0,9,1088,441,1945
82000,NA,Detchd,2,528,Pave,AllPub,0,Edwards,0,Fair,10206,74,One_Story_1946_and_Newer_All_Styles,0,0,4,944,0,1952
119900,1678,No_Garage,0,0,Pave,AllPub,0,Edwards,0,Average,10926,65,Duplex_All_Styles_and_Ages,0,0,10,1678,0,1959
160000,1268,Basment,1,250,Pave,AllPub,0,South_and_West_of_Iowa_State_University,0,Average,6300,70,One_and_Half_Story_Finished_All_Ages,0,0,7,832,436,1938
159434,NA,Detchd,1,281,Pave,AllPub,0,South_and_West_of_Iowa_State_University,0,Average,4500,55,One_and_Half_Story_Finished_All_Ages,0,0,6,848,672,1932
197000,3082,Basment,2,672,Pave,AllPub,0,South_and_West_of_Iowa_State_University,0,Good,15863,102,Two_and_Half_Story_All_Ages,0,63,12,1687,998,1920
177000,NA,Detchd,2,342,Pave,AllPub,0,Crawford,0,Above_Average,7558,57,One_and_Half_Story_Finished_All_Ages,0,0,9,1172,741,1928
145000,1477,Detchd,1,216,Pave,AllPub,0,South_and_West_of_Iowa_State_University,0,Good,6292,52,One_and_Half_Story_Finished_All_Ages,0,50,6,877,600,1928
224000,1906,Basment,2,576,Pave,AllPub,0,Crawford,0,Above_Average,17500,100,One_Story_1946_and_Newer_All_Styles,0,201,6,1906,0,1954
115000,1032,Detchd,2,452,Pave,AllPub,0,Blueste,0,Above_Average,1733,24,Two_Story_PUD_1946_and_Newer,0,0,5,516,516,1980
121000,1229,Attchd,2,462,Pave,AllPub,0,Blueste,0,Above_Average,1612,24,Two_Story_PUD_1946_and_Newer,0,0,5,561,668,1980
124000,1229,Attchd,2,462,Pave,AllPub,0,Blueste,0,Above_Average,1300,24,Two_Story_PUD_1946_and_Newer,0,0,5,561,668,1980
222000,1680,Attchd,2,540,Pave,AllPub,0,Crawford,0,Above_Average,21695,0,One_Story_1946_and_Newer_All_Styles,0,44,5,1680,0,1988
230000,1648,Attchd,2,482,Pave,AllPub,0,Crawford,0,Very_Good,3843,44,One_Story_PUD_1946_and_Newer,0,53,5,1648,0,2007
239686,2149,Attchd,2,670,Pave,AllPub,0,Mitchell,198,Good,12822,48,One_and_Half_Story_Finished_All_Ages,0,43,6,1518,631,2003
240000,1710,Attchd,2,550,Pave,AllPub,0,Mitchell,180,Good,12118,43,One_Story_1946_and_Newer_All_Styles,0,48,7,1710,0,2004
173000,1287,Attchd,2,541,Pave,AllPub,0,Mitchell,120,Above_Average,9360,72,Split_Foyer,0,39,5,1287,0,1977
224500,1692,Attchd,2,650,Pave,AllPub,0,Timberland,0,Good,13159,83,Two_Story_1946_and_Newer,0,114,6,846,846,2009
410000,NA,Attchd,3,780,Pave,AllPub,0,Timberland,0,Excellent,13438,113,One_Story_1946_and_Newer_All_Styles,0,154,9,2036,0,2008
204000,2237,BuiltIn,2,440,Pave,AllPub,0,Timberland,0,Above_Average,9839,0,Two_Story_1946_and_Newer,2500,24,7,1375,862,1980
315000,1838,Attchd,3,765,Pave,AllPub,0,Timberland,0,Excellent,14601,85,One_Story_1946_and_Newer_All_Styles,0,68,8,1838,0,2006
130000,874,Attchd,1,288,Pave,AllPub,0,Mitchell,0,Average,9858,62,One_Story_1946_and_Newer_All_Styles,600,0,5,874,0,1968
88000,1092,Attchd,1,286,Pave,AllPub,0,Meadow_Village,0,Below_Average,2217,21,Two_Story_PUD_1946_and_Newer,0,0,6,546,546,1970
149000,883,Detchd,2,698,Pave,AllPub,0,Mitchell,0,Average,7669,70,Split_Foyer,0,32,5,883,0,1992
176500,1414,Attchd,2,601,Pave,AllPub,0,North_Ames,190,Above_Average,11029,87,One_Story_1946_and_Newer_All_Styles,0,51,6,1414,0,1958
177900,1384,Attchd,2,404,Pave,AllPub,0,Gilbert,0,Average,14137,53,One_Story_1946_and_Newer_All_Styles,0,39,7,1384,0,1996
175000,1446,Attchd,2,406,Pave,AllPub,0,Gilbert,0,Good,21872,57,Two_Story_1946_and_Newer,0,22,6,729,717,1996
180000,1337,Attchd,2,462,Pave,AllPub,0,Stone_Brook,0,Very_Good,5395,41,One_Story_PUD_1946_and_Newer,0,0,5,1337,0,1993
194500,1895,Attchd,2,409,Pave,AllPub,0,Gilbert,0,Good,10832,0,Two_Story_1946_and_Newer,500,46,7,1086,809,1994
387000,1884,Attchd,3,670,Pave,AllPub,0,Stone_Brook,0,Excellent,15401,53,One_Story_1946_and_Newer_All_Styles,0,76,7,1884,0,2004
115000,1474,Attchd,2,495,Pave,NoSewr,0,Gilbert,0,Above_Average,31220,0,One_Story_1946_and_Newer_All_Styles,750,0,7,1474,0,1952
133000,1488,Attchd,2,738,Pave,AllPub,0,Gilbert,0,Above_Average,47280,0,One_Story_1946_and_Newer_All_Styles,0,0,6,1488,0,1950
181900,1260,Attchd,2,598,Pave,AllPub,0,Northwest_Ames,0,Good,10825,0,One_Story_1946_and_Newer_All_Styles,0,0,6,1260,0,1983
272000,2872,Attchd,2,619,Pave,AllPub,0,Northwest_Ames,0,Above_Average,12227,0,Two_Story_1946_and_Newer,0,282,11,1542,1330,1977
185000,2044,Attchd,2,489,Pave,AllPub,0,Northwest_Ames,0,Good,10400,80,Two_Story_1946_and_Newer,0,73,7,1277,767,1980
292500,2840,Attchd,4,1314,Pave,AllPub,0,Northwest_Ames,208,Good,12511,0,Two_Story_1946_and_Newer,0,16,8,1420,1420,1978
180000,NA,Attchd,2,478,Pave,AllPub,0,Northwest_Ames,189,Above_Average,11361,104,One_Story_1946_and_Newer_All_Styles,0,0,7,1523,0,1976
159900,1444,Attchd,2,473,Pave,AllPub,0,Northwest_Ames,0,Above_Average,10400,80,One_Story_1946_and_Newer_All_Styles,0,24,5,1444,0,1976
306000,2340,Attchd,3,787,Pave,AllPub,0,Northwest_Ames,0,Very_Good,14311,0,Two_Story_1946_and_Newer,0,180,9,1236,1104,1996
151000,1054,Attchd,2,460,Pave,AllPub,0,North_Ames,80,Above_Average,9750,65,One_Story_1946_and_Newer_All_Styles,0,0,6,1054,0,1969
103400,987,Detchd,1,264,Pave,AllPub,0,Briardale,0,Above_Average,1680,21,Two_Story_PUD_1946_and_Newer,0,0,5,483,504,1973
100500,NA,Detchd,1,352,Pave,AllPub,0,Briardale,0,Above_Average,1890,21,Two_Story_PUD_1946_and_Newer,0,0,5,483,504,1972
106000,987,Detchd,1,280,Pave,AllPub,0,Briardale,0,Above_Average,1869,21,Two_Story_PUD_1946_and_Newer,0,0,5,483,504,1970
85400,987,Detchd,1,264,Pave,AllPub,0,Briardale,0,Above_Average,1680,21,Two_Story_PUD_1946_and_Newer,0,0,4,483,504,1971
426000,2332,BuiltIn,3,846,Pave,AllPub,0,Northridge_Heights,0,Very_Excellent,12474,96,Two_Story_1946_and_Newer,0,134,9,1742,590,2007
385000,2084,Attchd,3,1220,Pave,AllPub,0,Northridge_Heights,0,Very_Excellent,14803,114,One_Story_1946_and_Newer_All_Styles,0,45,7,2084,0,2007
372402,1710,Attchd,3,866,Pave,AllPub,0,Northridge_Heights,0,Very_Good,13891,107,One_Story_1946_and_Newer_All_Styles,0,102,6,1710,0,2007
383000,1950,Attchd,3,706,Pave,AllPub,0,Northridge_Heights,0,Excellent,14418,104,One_Story_1946_and_Newer_All_Styles,0,207,7,1950,0,2007
390000,NA,BuiltIn,3,850,Pave,AllPub,0,Northridge_Heights,0,Excellent,13418,108,Two_Story_1946_and_Newer,0,182,9,1850,898,2006
250000,2088,BuiltIn,3,656,Pave,AllPub,0,Northridge_Heights,0,Very_Good,8899,74,Two_Story_1946_and_Newer,0,24,10,948,1140,2007
615000,2470,Attchd,3,789,Pave,AllPub,144,Northridge_Heights,216,Very_Excellent,12720,106,One_Story_1946_and_Newer_All_Styles,0,65,7,2470,0,2003
284000,1575,Attchd,3,732,Pave,AllPub,0,Northridge_Heights,0,Very_Good,10845,92,One_Story_1946_and_Newer_All_Styles,0,28,7,1575,0,2003
370000,2690,BuiltIn,3,795,Pave,AllPub,0,Northridge_Heights,0,Very_Good,16451,112,Two_Story_1946_and_Newer,0,58,9,1804,886,2003
336860,1866,Attchd,3,870,Pave,AllPub,0,Northridge_Heights,0,Excellent,10110,58,One_Story_PUD_1946_and_Newer,0,48,7,1866,0,2008
154000,1626,BuiltIn,2,474,Pave,AllPub,0,Northridge_Heights,0,Good,2448,36,Two_Story_PUD_1946_and_Newer,0,27,6,764,862,2003
195000,1455,Attchd,3,644,Pave,AllPub,0,Bloomington_Heights,144,Good,3940,0,One_Story_PUD_1946_and_Newer,0,20,6,1455,0,2003
219990,NA,Attchd,3,668,Pave,AllPub,0,Bloomington_Heights,0,Good,3940,0,One_Story_PUD_1946_and_Newer,0,20,7,1576,0,2004
191000,1504,Attchd,2,437,Pave,AllPub,0,Bloomington_Heights,0,Good,3182,43,One_Story_PUD_1946_and_Newer,0,20,7,1504,0,2005
159895,1266,Attchd,2,388,Pave,AllPub,0,Bloomington_Heights,0,Good,3182,43,One_Story_1946_and_Newer_All_Styles,0,16,6,1266,0,2007
179000,1515,Attchd,2,393,Pave,AllPub,0,Gilbert,0,Above_Average,9024,80,Two_Story_1946_and_Newer,0,75,8,813,702,2004
213000,1986,BuiltIn,2,434,Pave,AllPub,0,Gilbert,0,Good,8396,0,Two_Story_1946_and_Newer,0,48,9,847,1139,2003
315000,2630,Attchd,3,696,Pave,AllPub,0,Northridge,0,Very_Good,9200,80,Two_Story_1946_and_Newer,0,66,8,1470,1160,1998
250000,2198,Attchd,3,836,Pave,AllPub,0,Northridge,0,Very_Good,14260,84,Two_Story_1946_and_Newer,0,84,9,1145,1053,2000
291000,2172,BuiltIn,3,687,Pave,AllPub,0,Northridge,0,Excellent,11000,0,Two_Story_1946_and_Newer,0,153,8,1533,639,2000
350000,2006,Attchd,3,938,Pave,AllPub,0,Northridge,0,Very_Good,11675,136,One_Story_1946_and_Newer_All_Styles,0,33,5,2006,0,1998
350000,2113,Attchd,3,839,Pave,AllPub,0,Northridge,0,Very_Good,10437,91,One_Story_1946_and_Newer_All_Styles,0,46,7,2113,0,1995
271000,2127,Attchd,2,525,Pave,AllPub,0,Northridge,0,Good,10944,81,Two_Story_1946_and_Newer,0,132,5,1223,904,1994
301500,1987,Attchd,2,691,Pave,AllPub,0,Northridge,0,Very_Good,14303,91,One_Story_1946_and_Newer_All_Styles,0,36,7,1987,0,1994
232000,1574,Attchd,3,824,Pave,AllPub,0,Somerset,0,Very_Good,11957,75,One_Story_1946_and_Newer_All_Styles,0,104,7,1574,0,2006
264132,1506,Attchd,2,592,Pave,AllPub,0,Somerset,0,Excellent,14587,75,One_Story_1946_and_Newer_All_Styles,0,174,6,1506,0,2008
212700,NA,Attchd,2,588,Pave,AllPub,0,Somerset,0,Very_Good,8640,72,One_Story_1946_and_Newer_All_Styles,0,113,6,1372,0,2007
250580,1372,Attchd,2,529,Pave,AllPub,0,Somerset,0,Good,8640,72,One_Story_1946_and_Newer_All_Styles,0,140,6,1372,0,2007
205950,1665,Attchd,2,562,Pave,AllPub,0,Somerset,0,Good,8125,65,Two_Story_1946_and_Newer,0,0,7,822,843,2007
146000,1175,No_Garage,0,0,Pave,AllPub,0,Sawyer_West,0,Above_Average,13072,63,One_Story_1946_and_Newer_All_Styles,0,90,6,1175,0,2005
155000,1114,Detchd,2,576,Pave,AllPub,0,Sawyer_West,0,Above_Average,13695,66,One_Story_1946_and_Newer_All_Styles,0,78,6,1114,0,2003
190500,1677,Attchd,2,627,Pave,AllPub,0,Sawyer_West,0,Above_Average,8450,65,Two_Story_1946_and_Newer,0,68,7,827,850,2001
115000,890,Detchd,1,308,Pave,AllPub,0,Sawyer,0,Average,8450,65,Two_Family_conversion_All_Styles_and_Ages,0,0,5,890,0,1968
192000,1430,Attchd,2,484,Pave,AllPub,0,Veenker,0,Above_Average,19508,95,One_Story_1946_and_Newer_All_Styles,0,108,6,1430,0,1974
140000,1641,Detchd,2,490,Pave,AllPub,0,Sawyer,0,Average,10759,70,One_and_Half_Story_Finished_All_Ages,0,0,5,1001,640,1972
372500,2786,Attchd,2,636,Pave,AllPub,0,Northridge,0,Excellent,11025,105,Two_Story_1946_and_Newer,0,49,10,1827,959,1993
178000,1245,Attchd,2,495,Pave,AllPub,0,Somerset,0,Good,3435,37,One_Story_PUD_1946_and_Newer,0,100,5,1245,0,2004
179400,1501,Detchd,2,440,Pave,AllPub,0,Somerset,0,Good,2280,24,Two_Story_PUD_1946_and_Newer,0,0,6,757,744,1999
172900,1549,Detchd,2,440,Pave,AllPub,0,Somerset,0,Above_Average,2280,24,Two_Story_PUD_1946_and_Newer,0,32,6,757,792,1999
300000,1638,Attchd,2,495,Pave,AllPub,0,Somerset,0,Excellent,4765,0,One_Story_PUD_1946_and_Newer,0,68,5,1638,0,2000
200000,1607,Detchd,2,480,Pave,AllPub,0,Somerset,0,Very_Good,2645,24,Two_Story_PUD_1946_and_Newer,0,0,7,962,645,1999
217500,1239,Attchd,2,477,Pave,AllPub,0,Veenker,0,Very_Good,11064,22,One_Story_PUD_1946_and_Newer,0,24,4,1239,0,1995
162500,NA,Attchd,2,516,Pave,AllPub,0,Veenker,0,Above_Average,11120,0,One_Story_1946_and_Newer_All_Styles,0,0,6,1232,0,1984
290000,1671,Attchd,2,550,Pave,AllPub,0,Veenker,0,Very_Good,16280,103,One_Story_1946_and_Newer_All_Styles,0,90,6,1671,0,1976
205000,1812,Attchd,2,469,Pave,AllPub,0,Somerset,0,Good,7500,0,Two_Story_1946_and_Newer,0,112,7,952,860,2002
145000,1258,Attchd,2,528,Pave,AllPub,0,Northwest_Ames,0,Above_Average,11040,80,One_Story_1946_and_Newer_All_Styles,0,0,5,1258,0,1971
140500,NA,Detchd,2,484,Pave,AllPub,0,Northwest_Ames,0,Average,9750,75,Duplex_All_Styles_and_Ages,0,0,8,1625,0,1965
240000,2614,Attchd,2,624,Pave,AllPub,0,Northwest_Ames,0,Above_Average,10800,90,Two_Story_1946_and_Newer,0,243,9,1548,1066,1974
141000,1464,Attchd,2,470,Pave,AllPub,0,North_Ames,0,Average,8814,73,Two_Story_1946_and_Newer,0,40,7,732,732,1968
147000,912,Detchd,2,576,Pave,AllPub,0,North_Ames,0,Average,8872,72,One_Story_1946_and_Newer_All_Styles,0,240,5,912,0,1965
135000,925,Detchd,2,576,Pave,AllPub,0,North_Ames,0,Average,8125,65,One_Story_1946_and_Newer_All_Styles,0,0,5,925,0,1965
142600,1728,Detchd,2,576,Pave,AllPub,0,North_Ames,0,Average,13101,74,Duplex_All_Styles_and_Ages,0,0,10,1728,0,1965
135000,1656,Detchd,2,506,Pave,AllPub,0,Northwest_Ames,0,Average,9246,87,Duplex_All_Styles_and_Ages,0,211,8,1656,0,1973
173000,1632,Attchd,2,484,Pave,AllPub,0,Northwest_Ames,0,Above_Average,9130,0,Two_Story_1946_and_Newer,0,40,7,800,832,1966
176000,1978,Attchd,2,486,Pave,AllPub,0,Northwest_Ames,0,Good,9900,0,Two_Story_1946_and_Newer,0,43,9,1098,880,1968
135750,952,Detchd,1,283,Pave,AllPub,0,North_Ames,0,Below_Average,8475,0,One_Story_1946_and_Newer_All_Styles,0,0,4,952,0,1956
174900,1165,Attchd,2,490,Pave,AllPub,0,North_Ames,0,Above_Average,9020,82,Split_or_Multilevel,0,129,6,1165,0,1966
153000,1118,Attchd,1,264,Pave,AllPub,0,North_Ames,0,Average,11332,0,One_Story_1946_and_Newer_All_Styles,0,0,6,1118,0,1960
52000,729,No_Garage,0,0,Pave,AllPub,0,Brookside,0,Fair,4130,56,One_Story_1945_and_Older,0,0,5,729,0,1935
165500,1661,BuiltIn,1,377,Pave,AllPub,0,North_Ames,178,Above_Average,9600,80,Split_or_Multilevel,0,28,8,1661,0,1955
139950,1144,Attchd,2,456,Pave,AllPub,0,North_Ames,0,Average,7875,75,One_Story_1946_and_Newer_All_Styles,0,0,6,1144,0,1961
165000,1431,Basment,1,296,Pave,AllPub,0,North_Ames,0,Above_Average,9150,101,Split_or_Multilevel,0,110,6,1431,0,1962
227000,1988,Attchd,2,480,Pave,AllPub,0,North_Ames,0,Above_Average,14670,90,Two_Story_1946_and_Newer,0,230,9,1104,884,1966
185000,1440,Attchd,1,480,Pave,AllPub,0,North_Ames,256,Average,9840,82,One_Story_1946_and_Newer_All_Styles,0,0,7,1440,0,1959
130000,950,Detchd,2,400,Pave,AllPub,0,North_Ames,0,Average,12774,0,One_Story_1946_and_Newer_All_Styles,0,32,5,950,0,1953
100000,1764,Attchd,1,301,Pave,AllPub,0,North_Ames,0,Average,8838,71,One_Story_1946_and_Newer_All_Styles,0,72,7,1764,0,1957
89900,869,Detchd,1,390,Pave,AllPub,0,Old_Town,0,Below_Average,10122,60,One_Story_1946_and_Newer_All_Styles,0,0,3,869,0,1948
114000,1159,Detchd,1,288,Pave,AllPub,0,Old_Town,0,Average,7506,45,One_and_Half_Story_Finished_All_Ages,0,0,5,747,412,1925
171000,1716,Attchd,2,490,Pave,AllPub,0,North_Ames,120,Above_Average,9247,70,Two_Story_1946_and_Newer,0,84,8,858,858,1962
242000,2069,Attchd,2,505,Pave,AllPub,0,North_Ames,0,Good,27650,313,One_Story_1946_and_Newer_All_Styles,0,0,9,2069,0,1960
98300,1048,Detchd,2,420,Pave,AllPub,0,North_Ames,0,Average,7200,60,One_Story_1946_and_Newer_All_Styles,0,27,7,1048,0,1950
127500,1278,Attchd,1,240,Pave,AllPub,0,North_Ames,0,Above_Average,7200,60,One_and_Half_Story_Finished_All_Ages,0,0,6,854,424,1954
130000,1800,No_Garage,0,0,Pave,AllPub,0,North_Ames,0,Average,8513,113,Duplex_All_Styles_and_Ages,0,0,10,1800,0,1961
167900,1611,Attchd,2,442,Pave,AllPub,0,North_Ames,189,Above_Average,9760,80,Two_Story_1946_and_Newer,0,128,7,798,813,1964
143000,1133,Detchd,1,308,Pave,AllPub,0,Old_Town,0,Above_Average,9836,56,One_Story_1946_and_Newer_All_Styles,0,175,7,1133,0,2008
157500,1539,Detchd,2,686,Pave,AllPub,0,Old_Town,0,Average,10440,60,Two_Story_1945_and_Older,0,78,8,958,581,1904
256000,NA,Detchd,2,520,Pave,AllPub,0,Old_Town,480,Above_Average,10440,60,One_and_Half_Story_Finished_All_Ages,1150,547,8,1584,1208,1920
64000,672,Detchd,1,256,Pave,AllPub,0,Old_Town,0,Average,4800,60,One_Story_1945_and_Older,0,0,4,672,0,1940
139500,1456,Detchd,1,308,Pave,AllPub,0,Old_Town,0,Above_Average,6000,60,Two_and_Half_Story_All_Ages,0,0,7,728,728,1915
118000,1594,No_Garage,0,0,Pave,AllPub,0,Old_Town,0,Below_Average,11426,63,Two_Family_conversion_All_Styles_and_Ages,0,172,9,828,658,1910
120000,1027,No_Garage,0,0,Pave,AllPub,0,Old_Town,0,Good,5400,60,One_Story_1945_and_Older,0,28,5,1027,0,1920
155000,1436,Detchd,2,828,Pave,AllPub,0,Old_Town,0,Above_Average,10800,60,Two_Family_conversion_All_Styles_and_Ages,0,0,8,884,552,1940
95000,1080,No_Garage,0,0,Pave,AllPub,0,Old_Town,0,Average,5914,44,One_and_Half_Story_Finished_All_Ages,0,165,5,684,396,1890
140000,1499,Detchd,3,869,Pave,AllPub,0,Old_Town,0,Average,9000,75,One_and_Half_Story_Finished_All_Ages,0,20,5,904,595,1946
46500,NA,Detchd,1,297,Pave,AllPub,0,Old_Town,0,Poor,7311,62,One_Story_1946_and_Newer_All_Styles,0,0,3,407,0,1946
107900,901,Detchd,1,281,Pave,AllPub,0,Old_Town,0,Below_Average,6000,50,One_Story_1946_and_Newer_All_Styles,0,0,4,901,0,1954
65000,1588,No_Garage,0,0,Pave,AllPub,0,Old_Town,0,Fair,12205,103,One_Story_1946_and_Newer_All_Styles,0,0,6,1588,0,1949
295000,3493,Attchd,3,870,Pave,AllPub,0,Old_Town,0,Good,18386,87,Two_and_Half_Story_All_Ages,0,0,10,1675,1818,1880
139500,1627,Detchd,2,420,Pave,AllPub,0,Old_Town,0,Average,9142,69,Two_Family_conversion_All_Styles_and_Ages,0,0,10,830,797,1900
129400,NA,No_Garage,0,0,Pave,AllPub,0,Old_Town,0,Average,6000,60,Two_Story_1945_and_Older,0,77,7,884,656,1905
161000,1378,Detchd,2,360,Pave,AllPub,0,Old_Town,0,Good,9600,60,Two_Story_1945_and_Older,0,0,7,689,689,1928
116900,1111,Detchd,1,288,Pave,AllPub,0,Old_Town,0,Good,5700,0,One_and_Half_Story_Finished_All_Ages,0,0,5,572,539,1926
184000,NA,Detchd,2,342,Pave,AllPub,0,Old_Town,0,Good,10800,60,Two_Story_1945_and_Older,0,299,10,1313,1182,1890
131500,NA,Attchd,1,352,Pave,AllPub,0,Old_Town,0,Average,12150,81,One_and_Half_Story_Finished_All_Ages,0,0,7,1050,745,1954
97000,882,Detchd,1,308,Pave,AllPub,0,Old_Town,0,Average,12702,70,One_Story_1946_and_Newer_All_Styles,0,45,4,882,0,1956
138000,1143,Detchd,1,288,Pave,AllPub,0,Brookside,0,Average,7111,55,One_Story_1945_and_Older,0,0,5,1143,0,1928
79500,935,Detchd,1,308,Pave,AllPub,0,Brookside,0,Average,9100,50,One_Story_with_Finished_Attic_All_Ages,600,0,4,779,0,1930
124000,NA,Detchd,1,240,Pave,AllPub,0,Brookside,0,Average,5000,50,One_and_Half_Story_Finished_All_Ages,0,0,6,832,378,1941
106900,NA,Detchd,1,200,Pave,AllPub,0,Brookside,0,Above_Average,5870,59,Two_Story_1945_and_Older,400,112,6,736,554,1900
157000,1497,Detchd,1,672,Pave,AllPub,0,Brookside,0,Above_Average,6000,50,One_and_Half_Story_Finished_All_Ages,0,0,5,825,672,1937
79000,NA,Detchd,1,280,Pave,AllPub,0,Brookside,0,Below_Average,5940,99,One_Story_1946_and_Newer_All_Styles,0,0,4,896,0,1946
123000,1136,Detchd,1,336,Pave,AllPub,0,Brookside,0,Below_Average,6240,52,One_and_Half_Story_Finished_All_Ages,0,365,6,624,512,1929
150000,NA,Detchd,2,400,Pave,AllPub,0,Brookside,0,Good,6240,52,One_and_Half_Story_Finished_All_Ages,0,20,7,1245,764,1939
123500,1902,Detchd,2,576,Pave,AllPub,0,Old_Town,0,Average,6120,51,Two_Story_1945_and_Older,0,139,7,1226,676,1923
129900,1774,Detchd,2,468,Pave,AllPub,0,Old_Town,0,Good,6120,51,One_and_Half_Story_Finished_All_Ages,0,0,8,1022,752,1931
127000,1285,Detchd,1,240,Pave,AllPub,0,Brookside,0,Average,8635,50,One_and_Half_Story_Finished_All_Ages,0,0,6,1072,213,1948
184000,1820,Detchd,1,240,Pave,AllPub,0,Brookside,0,Good,9120,60,One_and_Half_Story_Finished_All_Ages,0,100,8,1133,687,1925
162500,1716,Detchd,2,672,Pave,AllPub,0,Brookside,0,Above_Average,9144,60,One_and_Half_Story_Finished_All_Ages,0,195,8,1170,546,1915
160000,1984,Detchd,1,360,Pave,AllPub,0,Old_Town,0,Above_Average,8094,57,Two_Story_1946_and_Newer,1000,0,8,1242,742,1910
136000,1536,Detchd,1,308,Pave,AllPub,0,Iowa_DOT_and_Rail_Road,0,Above_Average,10266,60,Two_Story_1945_and_Older,0,216,7,768,768,1952
89500,1406,No_Garage,0,0,Pave,AllPub,0,Iowa_DOT_and_Rail_Road,0,Above_Average,7920,0,One_and_Half_Story_Finished_All_Ages,0,144,6,1035,371,1920
79900,1198,No_Garage,0,0,Pave,AllPub,0,Old_Town,0,Above_Average,5586,60,One_and_Half_Story_Finished_All_Ages,0,98,7,1088,110,1920
85000,759,Detchd,2,576,Pave,AllPub,0,Iowa_DOT_and_Rail_Road,0,Average,10320,60,One_Story_1945_and_Older,0,0,5,759,0,1912
124000,1054,Detchd,1,240,Pave,AllPub,0,Sawyer,0,Average,9488,82,One_Story_1946_and_Newer_All_Styles,0,60,6,1054,0,1947
134432,1588,Detchd,2,680,Pave,AllPub,0,Clear_Creek,0,Below_Average,17120,80,One_and_Half_Story_Finished_All_Ages,0,59,7,1120,468,1959
145000,992,Attchd,1,294,Pave,AllPub,0,Sawyer,0,Average,10265,68,One_Story_1946_and_Newer_All_Styles,600,0,6,992,0,1967
130000,894,Attchd,2,450,Pave,AllPub,0,Sawyer,0,Average,9764,57,One_Story_1946_and_Newer_All_Styles,0,0,5,894,0,1967
153000,1034,Basment,2,504,Pave,AllPub,0,Sawyer,0,Above_Average,7703,0,Split_Foyer,0,0,6,1034,0,1978
108959,1258,CarPort,2,400,Pave,AllPub,0,Sawyer,0,Below_Average,12900,60,Duplex_All_Styles_and_Ages,0,0,6,1258,0,1969
149350,1228,Attchd,1,271,Pave,AllPub,0,Sawyer,0,Average,8544,0,One_Story_1946_and_Newer_All_Styles,0,65,6,1228,0,1966
235000,NA,Attchd,2,564,Pave,AllPub,0,Clear_Creek,0,Above_Average,13500,0,One_Story_1946_and_Newer_All_Styles,0,0,4,1252,0,1960
173000,1291,Attchd,2,431,Pave,AllPub,0,Clear_Creek,0,Above_Average,2887,0,One_Story_PUD_1946_and_Newer,0,0,6,1291,0,1996
192000,2022,Attchd,2,505,Pave,AllPub,0,Clear_Creek,0,Good,10005,83,Two_Story_1946_and_Newer,0,117,8,1156,866,1977
155000,1094,Attchd,2,495,Pave,AllPub,0,Edwards,287,Above_Average,10452,85,One_Story_1946_and_Newer_All_Styles,0,0,5,1094,0,1953
119000,1367,Detchd,1,384,Pave,AllPub,0,Edwards,0,Average,8405,50,One_and_Half_Story_Finished_All_Ages,0,130,7,961,406,1900
79000,1096,No_Garage,0,0,Pave,AllPub,0,Edwards,0,Above_Average,9600,60,One_and_Half_Story_Finished_All_Ages,0,8,5,572,524,1924
95000,NA,Detchd,1,200,Pave,AllPub,0,Edwards,0,Average,9084,60,One_and_Half_Story_Finished_All_Ages,0,0,5,616,495,1941
475000,2276,Attchd,3,1348,Pave,AllPub,0,College_Creek,255,Excellent,11778,91,One_Story_1946_and_Newer_All_Styles,0,0,7,2276,0,2008
395039,1766,Attchd,3,874,Pave,AllPub,0,College_Creek,0,Excellent,11778,91,One_Story_1946_and_Newer_All_Styles,0,36,8,1766,0,2008
195000,1643,Attchd,2,438,Pave,AllPub,0,Clear_Creek,0,Above_Average,11500,0,One_Story_1946_and_Newer_All_Styles,0,0,6,1643,0,1966
200000,1688,Attchd,2,603,Pave,AllPub,0,Clear_Creek,0,Above_Average,12798,79,Two_Story_1946_and_Newer,400,114,8,616,1072,1997
144000,1099,Attchd,1,352,Pave,AllPub,0,College_Creek,0,Average,9525,75,One_Story_1946_and_Newer_All_Styles,0,0,6,1099,0,1995
145000,990,Detchd,2,672,Pave,AllPub,0,College_Creek,0,Average,9245,57,One_Story_1946_and_Newer_All_Styles,0,0,5,990,0,1994
188000,1724,Attchd,2,527,Pave,AllPub,0,College_Creek,0,Good,8924,57,Two_Story_1946_and_Newer,0,155,8,880,844,1998
235000,1823,Attchd,2,626,Pave,AllPub,0,College_Creek,0,Good,12192,75,Two_Story_1946_and_Newer,4500,36,6,928,895,2000
147000,1026,Detchd,2,576,Pave,AllPub,0,College_Creek,0,Above_Average,10970,0,Split_or_Multilevel,0,0,5,1026,0,1978
127000,NA,Detchd,1,352,Pave,AllPub,0,College_Creek,0,Average,7180,60,One_Story_1946_and_Newer_All_Styles,0,0,5,864,0,1972
230000,1795,Attchd,2,534,Pave,AllPub,0,College_Creek,0,Very_Good,9742,75,One_Story_1946_and_Newer_All_Styles,0,159,7,1795,0,2002
230500,2161,Attchd,2,570,Pave,AllPub,0,College_Creek,0,Good,10400,0,Two_Story_1946_and_Newer,0,84,8,1290,871,2001
230000,1852,Attchd,3,660,Pave,AllPub,0,College_Creek,0,Very_Good,9066,73,Two_Story_1946_and_Newer,0,106,7,1004,848,1999
287000,2263,BuiltIn,2,905,Pave,AllPub,0,College_Creek,189,Very_Good,9240,0,Two_Story_1946_and_Newer,0,45,7,1055,1208,2001
210000,NA,Attchd,2,493,Pave,AllPub,0,College_Creek,0,Good,8750,70,Two_Story_1946_and_Newer,0,133,8,933,975,1994
186500,1445,Attchd,2,470,Pave,AllPub,0,College_Creek,0,Good,9750,75,One_Story_1946_and_Newer_All_Styles,0,35,6,1445,0,2004
185900,1582,Attchd,2,520,Pave,AllPub,0,College_Creek,0,Good,8320,64,Two_Story_1946_and_Newer,0,45,6,770,812,2004
193000,1361,Attchd,2,610,Pave,AllPub,0,College_Creek,0,Good,9627,74,One_Story_1946_and_Newer_All_Styles,0,50,6,1361,0,2007
149000,848,Attchd,2,420,Pave,AllPub,0,College_Creek,0,Above_Average,4438,0,One_Story_PUD_1946_and_Newer,0,0,3,848,0,2004
147500,1256,Attchd,1,276,Pave,AllPub,0,Edwards,0,Average,9937,75,One_Story_1946_and_Newer_All_Styles,0,68,6,1256,0,1965
165000,1033,BuiltIn,2,504,Pave,AllPub,0,Edwards,0,Average,12102,64,Split_Foyer,0,0,6,1033,0,1976
137500,1181,Detchd,2,588,Pave,AllPub,0,Edwards,0,Below_Average,10012,90,Split_Foyer,0,0,6,1181,0,1972
147000,1117,Attchd,2,542,Pave,AllPub,0,Edwards,0,Above_Average,9638,0,Split_or_Multilevel,0,0,6,1117,0,1977
160500,1398,Attchd,2,440,Pave,AllPub,0,Edwards,0,Above_Average,7200,72,Two_Story_1946_and_Newer,0,0,6,684,714,1976
160000,5642,Attchd,2,1418,Pave,AllPub,480,Edwards,0,Very_Excellent,63887,313,Two_Story_1946_and_Newer,0,292,12,4692,950,2008
82000,1152,No_Garage,0,0,Pave,AllPub,0,Edwards,0,Below_Average,6012,65,Duplex_All_Styles_and_Ages,0,0,6,1152,0,1955
82500,1152,No_Garage,0,0,Pave,AllPub,0,Edwards,0,Below_Average,6845,74,Duplex_All_Styles_and_Ages,0,0,6,1152,0,1955
120000,1053,No_Garage,0,0,Pave,AllPub,0,Edwards,0,Average,12180,60,One_and_Half_Story_Finished_All_Ages,0,0,5,585,468,1938
99000,930,Attchd,1,286,Pave,AllPub,0,Edwards,0,Below_Average,9520,68,One_Story_1946_and_Newer_All_Styles,3000,0,5,930,0,1953
135000,1470,Detchd,1,548,Pave,AllPub,0,Edwards,156,Below_Average,8172,60,One_and_Half_Story_Finished_All_Ages,0,0,7,997,473,1954
108000,1292,Detchd,1,205,Pave,AllPub,0,Edwards,0,Below_Average,5142,67,One_Story_1945_and_Older,0,0,6,949,343,1923
135900,1716,No_Garage,0,0,Pave,AllPub,0,South_and_West_of_Iowa_State_University,0,Average,5687,55,Two_Family_conversion_All_Styles_and_Ages,0,184,9,936,780,1912
140000,1482,Detchd,1,400,Pave,AllPub,0,South_and_West_of_Iowa_State_University,0,Above_Average,12155,0,Two_Story_1945_and_Older,0,0,7,810,672,1925
179500,2192,Detchd,1,240,Pave,AllPub,0,South_and_West_of_Iowa_State_University,0,Average,8400,60,Two_and_Half_Story_All_Ages,0,24,8,1052,720,1939
130000,1964,No_Garage,0,0,Pave,AllPub,0,South_and_West_of_Iowa_State_University,0,Average,8525,55,Two_Story_1945_and_Older,0,192,7,1024,940,1911
189000,2601,BuiltIn,2,621,Pave,AllPub,0,South_and_West_of_Iowa_State_University,0,Average,9842,51,Two_Story_1945_and_Older,0,0,8,990,1611,1921
161900,1920,Detchd,2,480,Pave,AllPub,0,South_and_West_of_Iowa_State_University,0,Above_Average,7804,64,Duplex_All_Styles_and_Ages,0,0,10,960,960,1930
145000,1316,Detchd,1,369,Pave,AllPub,0,Crawford,192,Above_Average,8969,66,Two_Story_1945_and_Older,0,0,6,672,644,1926
191000,2555,Detchd,2,672,Pave,AllPub,0,Crawford,0,Above_Average,11526,79,Two_Story_1945_and_Older,0,0,11,1423,748,1922
177000,1680,Attchd,1,308,Pave,AllPub,0,Crawford,0,Above_Average,15576,63,Two_Story_1945_and_Older,0,0,8,840,840,1915
149000,1502,Attchd,1,270,Pave,AllPub,0,Crawford,0,Good,7200,60,Two_Story_1945_and_Older,0,0,6,851,651,1931
236500,NA,Attchd,2,484,Pave,AllPub,0,Crawford,0,Average,26073,56,One_Story_1946_and_Newer_All_Styles,0,51,7,1898,0,1956
120000,1090,Detchd,1,240,Pave,AllPub,0,Iowa_DOT_and_Rail_Road,0,Above_Average,6000,60,One_and_Half_Story_Finished_All_Ages,0,0,5,760,330,1940
120500,NA,Detchd,1,432,Pave,AllPub,0,Iowa_DOT_and_Rail_Road,0,Above_Average,5890,0,One_Story_1945_and_Older,0,0,5,816,0,1930
120500,NA,Detchd,1,924,Pave,AllPub,0,Iowa_DOT_and_Rail_Road,0,Average,6900,71,One_Story_1945_and_Older,0,25,4,778,0,1940
126000,1656,Attchd,1,288,Pave,AllPub,0,Iowa_DOT_and_Rail_Road,100,Average,6000,75,Split_or_Multilevel,0,180,7,1092,564,1967
99500,912,Detchd,1,360,Pave,AllPub,0,Iowa_DOT_and_Rail_Road,0,Average,7392,60,One_Story_1945_and_Older,0,90,5,912,0,1930
89000,1361,Detchd,1,185,Pave,AllPub,0,Iowa_DOT_and_Rail_Road,0,Below_Average,5280,60,Two_Story_1945_and_Older,0,123,6,825,536,1895
81000,894,Detchd,3,1248,Grvl,AllPub,0,Iowa_DOT_and_Rail_Road,0,Fair,18000,120,One_Story_1945_and_Older,560,20,6,894,0,1935
294464,1648,Attchd,2,525,Pave,AllPub,0,Crawford,0,Very_Good,3843,44,One_Story_PUD_1946_and_Newer,0,53,5,1648,0,2007
250000,NA,Attchd,2,482,Pave,AllPub,0,Crawford,155,Good,3811,44,One_Story_PUD_1946_and_Newer,0,53,5,1646,0,2004
300000,2032,Attchd,3,786,Pave,AllPub,0,Mitchell,0,Good,23730,0,One_Story_1946_and_Newer_All_Styles,0,46,7,2032,0,1996
213000,1820,Attchd,3,816,Pave,AllPub,0,Mitchell,0,Good,11050,0,Two_Story_1946_and_Newer,0,32,8,910,910,1996
171000,1118,Attchd,1,358,Pave,AllPub,576,Mitchell,0,Above_Average,9880,76,Split_or_Multilevel,0,0,6,1118,0,1977
100000,1872,Attchd,2,484,Pave,AllPub,0,Mitchell,0,Average,10260,76,Duplex_All_Styles_and_Ages,0,0,8,936,936,1976
264966,1780,Attchd,2,612,Pave,AllPub,0,Timberland,0,Very_Good,12852,107,Two_Story_1946_and_Newer,0,192,6,920,860,2007
172500,1442,BuiltIn,2,400,Pave,AllPub,0,Timberland,0,Average,9802,73,Split_or_Multilevel,0,0,6,712,730,2006
184000,1651,Attchd,2,616,Pave,AllPub,0,Timberland,0,Above_Average,12416,47,One_Story_1946_and_Newer_All_Styles,0,0,7,1651,0,1986
232500,1440,Attchd,2,467,Pave,AllPub,0,Timberland,0,Very_Good,11202,82,One_Story_1946_and_Newer_All_Styles,0,95,7,1440,0,2003
305000,2262,Attchd,3,749,Pave,AllPub,0,Timberland,0,Very_Good,12244,85,Two_Story_1946_and_Newer,0,0,10,1482,780,2003
370000,1964,Attchd,3,892,Pave,AllPub,0,Timberland,0,Very_Good,11447,85,One_Story_1946_and_Newer_All_Styles,0,265,7,1964,0,2005
160500,1189,Attchd,2,392,Pave,AllPub,0,Mitchell,0,Above_Average,4500,32,One_Story_PUD_1946_and_Newer,0,122,4,1189,0,1997
94900,988,BuiltIn,1,297,Pave,AllPub,0,Meadow_Village,0,Below_Average,1596,21,PUD_Multilevel_Split_Level_Foyer,0,101,4,526,462,1973
81000,630,No_Garage,0,0,Pave,AllPub,0,Meadow_Village,0,Below_Average,1890,21,PUD_Multilevel_Split_Level_Foyer,0,0,3,630,0,1972
113000,988,Attchd,2,520,Pave,AllPub,0,Mitchell,0,Average,21750,100,One_Story_1946_and_Newer_All_Styles,0,0,4,988,0,1954
128500,816,Attchd,1,264,Pave,AllPub,0,Mitchell,0,Average,6490,59,One_Story_1946_and_Newer_All_Styles,0,0,4,816,0,1983
167000,1277,Attchd,2,526,Pave,AllPub,0,North_Ames,176,Good,10628,85,One_Story_1946_and_Newer_All_Styles,0,0,5,1277,0,1970
268000,2217,Attchd,2,621,Pave,AllPub,0,North_Ames,224,Very_Good,15865,95,One_Story_1946_and_Newer_All_Styles,0,207,8,2217,0,1970
176000,1253,Attchd,2,402,Pave,AllPub,0,Gilbert,0,Good,7875,63,One_Story_1946_and_Newer_All_Styles,0,21,6,1253,0,1995
204000,2299,Attchd,2,482,Pave,AllPub,0,Gilbert,0,Above_Average,7500,60,Two_Story_1946_and_Newer,0,30,7,957,1342,1999
168000,1642,Attchd,2,392,Pave,AllPub,0,Gilbert,0,Above_Average,7655,0,Two_Story_1946_and_Newer,0,84,7,910,732,1993
170000,1088,Attchd,2,461,Pave,AllPub,0,Stone_Brook,0,Very_Good,3696,0,One_Story_PUD_1946_and_Newer,0,74,5,1088,0,1986
207500,NA,Attchd,2,577,Pave,AllPub,0,Stone_Brook,0,Good,5062,0,Two_Story_PUD_1946_and_Newer,0,0,6,1190,900,1984
182000,1179,Attchd,2,480,Pave,AllPub,0,Stone_Brook,135,Very_Good,4740,38,One_Story_PUD_1946_and_Newer,0,108,5,1179,0,1988
377426,1922,Attchd,3,676,Pave,AllPub,0,Stone_Brook,0,Excellent,14157,86,One_Story_1946_and_Newer_All_Styles,0,51,8,1922,0,2005
591587,2338,Attchd,3,1110,Pave,AllPub,0,Stone_Brook,322,Excellent,51974,52,One_Story_1946_and_Newer_All_Styles,0,135,8,2338,0,2006
441929,2234,Attchd,2,724,Pave,AllPub,0,Stone_Brook,0,Very_Good,14082,85,One_Story_1946_and_Newer_All_Styles,0,80,7,2234,0,2006
455000,2042,Attchd,3,724,Pave,AllPub,0,Stone_Brook,174,Very_Excellent,13870,81,One_Story_1946_and_Newer_All_Styles,0,52,8,2042,0,2006
151500,1177,Attchd,2,495,Pave,AllPub,0,Northwest_Ames,0,Above_Average,11850,79,One_Story_1946_and_Newer_All_Styles,0,103,6,1177,0,1984
192350,1353,Attchd,2,478,Pave,AllPub,0,Northwest_Ames,0,Above_Average,10400,80,One_Story_1946_and_Newer_All_Styles,0,141,5,1353,0,1979
175000,1743,Attchd,2,539,Pave,AllPub,0,Northwest_Ames,0,Above_Average,11700,90,Two_Story_1946_and_Newer,0,0,7,1041,702,1968
139000,1109,BuiltIn,1,288,Pave,AllPub,0,North_Ames,0,Average,10500,70,Split_or_Multilevel,0,0,5,576,533,1971
155000,1422,Detchd,2,576,Pave,AllPub,0,North_Ames,0,Average,9457,63,One_Story_1946_and_Newer_All_Styles,0,0,7,1422,0,1970
133000,914,Attchd,1,368,Pave,AllPub,0,North_Ames,0,Average,7920,66,One_Story_1946_and_Newer_All_Styles,0,0,5,914,0,1970
128000,914,Basment,1,270,Pave,AllPub,0,North_Ames,0,Below_Average,17199,0,One_Story_1946_and_Newer_All_Styles,0,0,4,914,0,1961
177000,1337,Attchd,2,522,Pave,AllPub,0,North_Ames,0,Above_Average,10943,26,One_Story_PUD_1946_and_Newer,0,68,5,1337,0,1997
113500,1092,Detchd,1,264,Pave,AllPub,0,Briardale,0,Above_Average,2205,21,Two_Story_PUD_1946_and_Newer,0,0,6,525,567,1973
113000,1218,Detchd,1,264,Pave,AllPub,0,Briardale,0,Above_Average,1890,21,Two_Story_PUD_1946_and_Newer,0,28,7,672,546,1973
356000,NA,Attchd,3,730,Pave,AllPub,0,Northridge_Heights,0,Excellent,12469,96,One_Story_1946_and_Newer_All_Styles,0,36,7,1816,0,2006
318000,1694,Attchd,3,818,Pave,AllPub,0,Northridge_Heights,0,Very_Good,12030,93,One_Story_1946_and_Newer_All_Styles,0,228,7,1694,0,2007
322400,NA,Attchd,3,856,Pave,AllPub,0,Northridge_Heights,0,Very_Good,11825,91,One_Story_1946_and_Newer_All_Styles,0,112,7,1694,0,2006
450000,2046,Attchd,3,878,Pave,AllPub,0,Northridge_Heights,175,Very_Excellent,15431,105,One_Story_1946_and_Newer_All_Styles,0,65,7,2046,0,2005
280000,2172,Attchd,3,947,Pave,AllPub,0,Northridge_Heights,0,Good,14154,109,Two_Story_1946_and_Newer,0,62,9,1071,1101,2006
250000,1634,Attchd,3,866,Pave,AllPub,0,Northridge_Heights,0,Very_Good,11428,98,One_Story_1946_and_Newer_All_Styles,0,44,7,1634,0,2006
418000,NA,BuiltIn,3,814,Pave,AllPub,0,Northridge_Heights,0,Excellent,13654,118,Two_Story_1946_and_Newer,0,55,9,1722,1036,2005
354000,2468,BuiltIn,3,872,Pave,AllPub,0,Northridge_Heights,0,Very_Good,12099,99,Two_Story_1946_and_Newer,0,154,10,1136,1332,2004
194700,1362,Attchd,2,460,Pave,AllPub,0,Northridge_Heights,0,Above_Average,7577,61,One_Story_PUD_1946_and_Newer,0,28,6,1362,0,2005
204000,1302,Attchd,2,631,Pave,AllPub,0,Northridge_Heights,0,Above_Average,3901,34,One_Story_PUD_1946_and_Newer,0,50,5,1302,0,2005
318061,NA,Attchd,2,617,Pave,AllPub,0,Northridge_Heights,0,Excellent,7820,68,One_Story_PUD_1946_and_Newer,0,54,6,1869,0,2007
221370,NA,Attchd,2,550,Pave,AllPub,0,Northridge_Heights,0,Very_Good,6240,48,One_Story_PUD_1946_and_Newer,0,38,6,1324,0,2006
171925,NA,Attchd,2,440,Pave,AllPub,0,Gilbert,0,Above_Average,8857,62,Two_Story_1946_and_Newer,0,30,7,738,757,2006
198444,1746,BuiltIn,3,350,Pave,AllPub,0,Gilbert,0,Above_Average,9729,63,Two_Story_1946_and_Newer,0,34,6,698,1048,2006
166000,1504,Attchd,2,440,Pave,AllPub,0,Gilbert,0,Above_Average,8229,72,Two_Story_1946_and_Newer,0,32,6,752,752,2007
177594,1456,Attchd,2,400,Pave,AllPub,0,Gilbert,0,Good,7713,64,Two_Story_1946_and_Newer,0,24,7,728,728,2007
259000,1530,Attchd,3,630,Pave,AllPub,0,Gilbert,0,Good,14572,182,One_Story_1946_and_Newer_All_Styles,0,36,7,1530,0,2004
175000,NA,BuiltIn,2,400,Pave,AllPub,0,Gilbert,0,Good,11084,87,Split_or_Multilevel,0,0,8,744,630,2004
215000,NA,BuiltIn,2,434,Pave,AllPub,0,Gilbert,0,Good,11796,59,Two_Story_1946_and_Newer,0,48,8,847,1112,2004
219500,NA,BuiltIn,2,435,Pave,AllPub,0,Gilbert,0,Good,8740,0,Two_Story_1946_and_Newer,0,48,8,864,1131,2002
175000,1647,Attchd,2,460,Pave,AllPub,0,Gilbert,0,Above_Average,7917,62,Two_Story_1946_and_Newer,0,40,7,953,694,1999
185000,1644,Attchd,2,460,Pave,AllPub,0,Gilbert,0,Above_Average,9649,59,Two_Story_1946_and_Newer,0,42,7,961,683,1999
745000,4476,Attchd,3,813,Pave,AllPub,555,Northridge,0,Very_Excellent,15623,160,Two_Story_1946_and_Newer,0,78,10,2411,2065,1996
248000,2285,BuiltIn,3,648,Pave,AllPub,0,Northridge,0,Very_Good,11000,0,Two_Story_1946_and_Newer,0,56,8,997,1288,2000
252000,2385,BuiltIn,3,600,Pave,AllPub,0,Northridge,0,Good,10790,83,Two_Story_1946_and_Newer,0,38,8,1108,1277,1998
755000,4316,Attchd,3,832,Pave,AllPub,0,Northridge,0,Very_Excellent,21535,104,Two_Story_1946_and_Newer,0,50,10,2444,1872,1994
315750,2398,Attchd,3,834,Pave,AllPub,0,Northridge,0,Good,11787,95,Two_Story_1946_and_Newer,0,60,8,1383,1015,1996
213133,NA,Attchd,2,605,Pave,AllPub,0,Somerset,0,Good,9910,75,One_Story_1946_and_Newer_All_Styles,0,203,5,1369,0,2007
249000,NA,Attchd,2,672,Pave,AllPub,0,Somerset,0,Good,8251,70,One_Story_1946_and_Newer_All_Styles,0,35,7,1506,0,2005
221300,NA,BuiltIn,3,859,Pave,AllPub,0,Somerset,0,Very_Good,8778,75,Two_Story_1946_and_Newer,0,40,7,1302,528,2006
210400,1335,Attchd,2,575,Pave,AllPub,0,Somerset,0,Good,9000,75,One_Story_1946_and_Newer_All_Styles,0,210,6,1335,0,2006
310013,1880,Attchd,3,880,Pave,AllPub,0,Somerset,0,Very_Good,12217,112,Two_Story_1946_and_Newer,0,127,8,955,925,2007
249700,1656,Attchd,3,826,Pave,AllPub,0,Somerset,0,Very_Good,11096,84,One_Story_1946_and_Newer_All_Styles,0,146,7,1656,0,2006
253000,1685,Attchd,3,658,Pave,AllPub,0,Somerset,0,Very_Good,11824,100,One_Story_1946_and_Newer_All_Styles,0,63,5,1685,0,2006
340000,2466,Attchd,2,610,Pave,AllPub,0,Somerset,0,Very_Good,11143,102,Two_Story_1946_and_Newer,0,214,8,1580,886,2004
147000,1143,No_Garage,0,0,Pave,AllPub,0,Sawyer_West,0,Good,7500,63,One_Story_1946_and_Newer_All_Styles,0,55,5,1143,0,2006
181000,1486,Attchd,2,566,Pave,AllPub,0,Sawyer_West,0,Good,7441,65,One_Story_1946_and_Newer_All_Styles,0,32,7,1486,0,2006
201000,1721,Attchd,2,471,Pave,AllPub,0,Sawyer_West,0,Above_Average,8462,70,Two_Story_1946_and_Newer,0,87,7,936,785,1994
191750,1820,Attchd,2,492,Pave,AllPub,0,Sawyer_West,0,Above_Average,11613,0,Two_Story_1946_and_Newer,0,85,7,920,900,1993
128000,1266,Attchd,1,283,Pave,AllPub,0,Sawyer_West,0,Above_Average,8012,50,Two_Story_PUD_1946_and_Newer,0,0,5,630,636,1980
125500,902,Attchd,1,288,Pave,AllPub,0,Sawyer,0,Average,6173,0,One_Story_1946_and_Newer_All_Styles,0,0,6,902,0,1967
171000,1701,Basment,2,611,Pave,AllPub,0,Sawyer,0,Average,16647,0,Split_Foyer,0,0,6,1701,0,1975
147000,1055,Attchd,2,542,Pave,AllPub,0,Sawyer,0,Above_Average,12712,43,One_Story_1946_and_Newer_All_Styles,0,0,5,1055,0,1973
302000,2810,Attchd,2,750,Pave,AllPub,0,Northridge,0,Very_Good,9572,0,Two_Story_1946_and_Newer,0,0,9,1453,1357,1990
214000,1378,Attchd,2,540,Pave,AllPub,0,Somerset,0,Very_Good,4379,45,One_Story_PUD_1946_and_Newer,0,56,6,1378,0,2004
194000,1352,Attchd,2,466,Pave,AllPub,0,Somerset,0,Good,3606,40,One_Story_PUD_1946_and_Newer,0,241,5,1352,0,2006
207500,1550,Attchd,2,528,Pave,AllPub,0,Somerset,0,Very_Good,5330,30,One_Story_PUD_1946_and_Newer,0,102,5,1550,0,2006
176500,1501,Detchd,2,440,Pave,AllPub,0,Somerset,0,Above_Average,2280,24,Two_Story_PUD_1946_and_Newer,0,0,6,757,744,1999
239000,NA,Detchd,2,576,Pave,AllPub,0,Somerset,198,Good,7399,66,Two_Story_1946_and_Newer,0,10,7,975,975,1997
204000,1358,Detchd,2,625,Pave,AllPub,0,Somerset,0,Good,7321,73,One_Story_1946_and_Newer_All_Styles,0,174,5,1358,0,1999
279700,1494,Attchd,2,478,Pave,AllPub,0,Veenker,217,Very_Good,9466,50,One_Story_PUD_1946_and_Newer,0,30,5,1494,0,1994
255000,2362,Attchd,2,546,Pave,AllPub,0,Veenker,0,Good,12000,80,One_Story_1946_and_Newer_All_Styles,0,16,8,2362,0,1980
194000,1432,Attchd,2,588,Pave,AllPub,0,Veenker,0,Average,16157,0,Split_or_Multilevel,0,180,5,1432,0,1978
181500,1262,Attchd,2,460,Pave,AllPub,0,Veenker,0,Above_Average,9600,80,One_Story_1946_and_Newer_All_Styles,0,0,6,1262,0,1976
190000,2620,BuiltIn,2,600,Pave,AllPub,0,Sawyer,0,Average,18890,0,Duplex_All_Styles_and_Ages,8300,24,12,1361,1259,1977
143450,1152,Attchd,2,412,Pave,AllPub,0,Northwest_Ames,0,Above_Average,11700,78,One_Story_1946_and_Newer_All_Styles,0,126,7,1152,0,1968
162500,NA,Attchd,2,480,Pave,AllPub,0,Northwest_Ames,0,Above_Average,8723,0,Split_Foyer,0,0,6,1082,0,1969
136905,1680,Detchd,2,528,Pave,AllPub,0,Northwest_Ames,0,Average,11500,0,Duplex_All_Styles_and_Ages,0,0,8,1680,0,1976
158500,1093,Attchd,2,484,Pave,AllPub,0,Northwest_Ames,0,Above_Average,10738,88,One_Story_1946_and_Newer_All_Styles,400,0,6,1093,0,1966
156000,1073,Attchd,2,515,Pave,AllPub,0,North_Ames,0,Average,10289,79,One_Story_1946_and_Newer_All_Styles,0,0,6,1073,0,1965
119000,1728,Detchd,1,352,Pave,AllPub,0,North_Ames,0,Average,10624,0,Duplex_All_Styles_and_Ages,0,0,10,1728,0,1964
103000,1224,CarPort,3,530,Pave,AllPub,0,North_Ames,0,Below_Average,10899,0,Duplex_All_Styles_and_Ages,0,0,8,1224,0,1964
163500,1200,Attchd,2,440,Pave,AllPub,0,North_Ames,0,Good,8800,80,One_Story_1946_and_Newer_All_Styles,0,0,6,1200,0,1966
224500,NA,Attchd,2,539,Pave,AllPub,0,North_Ames,161,Above_Average,8800,80,Two_Story_1946_and_Newer,0,0,8,845,1309,1964
200000,1652,Attchd,2,510,Pave,AllPub,0,North_Ames,201,Above_Average,22002,0,One_Story_1946_and_Newer_All_Styles,0,0,6,1652,0,1959
181900,1429,Attchd,2,572,Pave,AllPub,0,North_Ames,0,Above_Average,14585,0,One_Story_1946_and_Newer_All_Styles,0,110,7,1429,0,1960
101800,1224,CarPort,2,462,Pave,AllPub,0,North_Ames,0,Below_Average,9842,70,Duplex_All_Styles_and_Ages,0,0,6,1224,0,1962
39300,334,No_Garage,0,0,Pave,AllPub,0,Brookside,0,Very_Poor,5000,50,One_Story_1946_and_Newer_All_Styles,0,0,2,334,0,1946
112000,808,Detchd,1,308,Pave,AllPub,0,Brookside,0,Average,5175,50,One_Story_1946_and_Newer_All_Styles,0,0,5,808,0,1958
158500,NA,Attchd,2,525,Pave,AllPub,0,North_Ames,168,Above_Average,9600,100,Split_or_Multilevel,0,0,6,1254,0,1961
144000,1524,Attchd,1,315,Pave,AllPub,0,North_Ames,0,Average,11344,78,One_and_Half_Story_Finished_All_Ages,0,0,7,874,650,1958
131000,1008,Detchd,1,308,Pave,AllPub,0,North_Ames,0,Average,6860,65,One_Story_1946_and_Newer_All_Styles,0,0,6,1008,0,1956
135000,1048,Attchd,1,286,Pave,AllPub,0,North_Ames,192,Average,10152,72,One_Story_1946_and_Newer_All_Styles,0,20,6,1048,0,1956
142000,1154,Detchd,1,336,Pave,AllPub,0,North_Ames,0,Average,11556,60,One_Story_1946_and_Newer_All_Styles,0,0,6,1154,0,1953
128600,1560,Detchd,2,484,Pave,AllPub,0,North_Ames,0,Average,8078,70,Duplex_All_Styles_and_Ages,0,0,8,1560,0,1958
115000,1540,Detchd,1,352,Pave,AllPub,0,North_Ames,0,Below_Average,7150,55,One_and_Half_Story_Finished_All_Ages,0,0,7,1040,500,1955
153000,1647,Attchd,1,280,Pave,AllPub,368,North_Ames,0,Below_Average,9532,75,One_Story_1946_and_Newer_All_Styles,0,0,6,1647,0,1953
138000,1544,No_Garage,0,0,Pave,AllPub,0,Old_Town,0,Below_Average,14190,60,One_and_Half_Story_Finished_All_Ages,0,0,7,1000,544,1890
109000,1034,Detchd,1,240,Pave,AllPub,0,Old_Town,0,Average,10134,60,One_and_Half_Story_Finished_All_Ages,0,39,5,735,299,1940
64500,968,Detchd,1,216,Pave,AllPub,0,Old_Town,0,Below_Average,10800,60,One_Story_1945_and_Older,0,0,5,968,0,1927
148000,NA,No_Garage,0,0,Pave,AllPub,0,Old_Town,0,Average,10800,60,Two_Story_1945_and_Older,0,112,6,751,783,1895
120000,888,Attchd,1,240,Pave,AllPub,0,North_Ames,0,Average,8700,75,One_Story_1946_and_Newer_All_Styles,0,0,5,888,0,1961
152000,1040,Attchd,1,286,Pave,AllPub,0,North_Ames,0,Average,7500,0,One_Story_1946_and_Newer_All_Styles,0,0,6,1040,0,1959
140000,1170,Attchd,1,338,Pave,AllPub,0,North_Ames,225,Average,7315,70,One_Story_1946_and_Newer_All_Styles,0,0,6,1170,0,1958
152000,1242,Attchd,1,324,Pave,AllPub,0,North_Ames,0,Average,7903,70,One_Story_1946_and_Newer_All_Styles,0,0,6,1242,0,1960
187000,1851,Attchd,2,440,Pave,AllPub,0,North_Ames,0,Above_Average,9760,80,Two_Story_1946_and_Newer,0,42,7,1020,831,1964
125500,864,Detchd,1,294,Pave,AllPub,0,North_Ames,0,Average,6600,60,One_Story_1946_and_Newer_All_Styles,0,0,5,864,0,1962
99900,967,Detchd,1,180,Pave,AllPub,0,Old_Town,0,Average,3153,56,One_Story_1945_and_Older,0,0,5,967,0,1920
89471,1131,Detchd,2,672,Pave,AllPub,0,Old_Town,0,Below_Average,5925,50,One_Story_1945_and_Older,0,72,7,1131,0,1937
137000,1798,Detchd,2,342,Pave,AllPub,0,Old_Town,0,Below_Average,9639,57,Two_Story_1945_and_Older,0,0,7,1156,642,1900
114000,1232,Detchd,2,480,Pave,AllPub,0,Old_Town,0,Average,4571,35,Two_Story_1945_and_Older,0,0,6,616,616,1910
159500,2554,Detchd,2,704,Pave,AllPub,0,Old_Town,0,Good,10800,60,Two_Story_1945_and_Older,0,48,8,1576,978,1890
144000,1167,Detchd,2,495,Pave,AllPub,0,Brookside,126,Average,8731,98,One_Story_1945_and_Older,0,0,6,1167,0,1920
132000,854,Detchd,2,576,Pave,AllPub,0,Brookside,0,Good,6120,51,One_and_Half_Story_Unfinished_All_Ages,0,112,5,854,0,1929
165000,1376,Detchd,2,576,Pave,AllPub,0,Brookside,0,Above_Average,8850,60,One_and_Half_Story_Finished_All_Ages,0,54,7,752,624,1920
113000,NA,Detchd,1,240,Pave,AllPub,0,Old_Town,0,Average,5680,40,One_and_Half_Story_Unfinished_All_Ages,0,25,7,933,240,1901
139400,1108,Attchd,1,280,Pave,AllPub,0,Iowa_DOT_and_Rail_Road,0,Good,7449,57,One_and_Half_Story_Unfinished_All_Ages,0,0,6,1108,0,1930
101000,1111,Detchd,1,288,Pave,AllPub,0,Iowa_DOT_and_Rail_Road,0,Average,7200,60,Two_and_Half_Story_All_Ages,0,0,6,581,530,1920
126000,1134,Detchd,1,240,Pave,AllPub,0,Edwards,0,Average,8160,60,One_and_Half_Story_Finished_All_Ages,0,0,7,756,378,1940
108500,1282,Detchd,1,240,Pave,AllPub,0,South_and_West_of_Iowa_State_University,0,Average,4484,59,Two_Family_conversion_All_Styles_and_Ages,0,88,4,778,504,1942
158450,1452,Detchd,2,572,Pave,AllPub,0,Sawyer,0,Average,11235,75,Split_Foyer,0,0,6,1452,0,1964
165000,1020,Detchd,2,528,Pave,AllPub,0,Sawyer,0,Average,14149,65,Split_or_Multilevel,0,0,5,1020,0,1964
123000,1040,Attchd,1,264,Pave,AllPub,0,Sawyer,0,Average,11677,0,One_Story_1946_and_Newer_All_Styles,0,90,6,1040,0,1966
125000,NA,Detchd,1,384,Pave,AllPub,0,Sawyer,0,Average,7094,99,One_Story_1946_and_Newer_All_Styles,0,0,5,894,0,1966
115000,897,Attchd,1,264,Pave,AllPub,0,Sawyer,0,Average,8665,86,One_Story_1946_and_Newer_All_Styles,0,0,5,897,0,1968
134500,943,Detchd,2,528,Pave,AllPub,0,Sawyer,0,Average,8398,0,One_Story_1946_and_Newer_All_Styles,0,0,5,943,0,1967
187000,1375,Attchd,1,323,Pave,AllPub,0,Sawyer,0,Average,14175,81,One_Story_1946_and_Newer_All_Styles,0,0,6,1375,0,1956
137000,1176,Attchd,1,303,Pave,AllPub,0,Sawyer,0,Average,13770,85,One_Story_1946_and_Newer_All_Styles,0,0,6,1176,0,1958
211000,2060,Attchd,2,521,Pave,AllPub,0,Clear_Creek,192,Above_Average,10029,97,Two_Story_1946_and_Newer,0,228,8,1164,896,1988
118000,864,Attchd,1,399,Pave,AllPub,0,South_and_West_of_Iowa_State_University,0,Average,5400,60,One_Story_1946_and_Newer_All_Styles,0,0,6,864,0,1958
150000,NA,No_Garage,0,0,Pave,AllPub,0,Edwards,0,Below_Average,7711,42,Duplex_All_Styles_and_Ages,0,0,8,1440,0,1977
86000,605,No_Garage,0,0,Pave,AllPub,0,Edwards,0,Below_Average,9098,58,One_Story_1945_and_Older,0,0,5,605,0,1920
125000,1342,Detchd,1,256,Pave,AllPub,0,Edwards,0,Average,9280,58,One_Story_1946_and_Newer_All_Styles,0,0,7,1342,0,1951
225000,2243,Attchd,3,746,Pave,AllPub,0,Sawyer_West,0,Good,13474,116,Two_Story_1946_and_Newer,0,44,8,1122,1121,1990
383970,2696,BuiltIn,3,792,Pave,AllPub,0,College_Creek,168,Good,9965,77,Two_Story_1946_and_Newer,0,184,10,1282,1414,2007
203000,1274,Attchd,2,508,Pave,AllPub,0,College_Creek,0,Good,8814,68,One_Story_1946_and_Newer_All_Styles,0,98,6,1274,0,2005
194000,NA,Attchd,3,826,Pave,AllPub,0,College_Creek,0,Good,8556,74,One_Story_1946_and_Newer_All_Styles,0,93,5,1240,0,2006
217000,NA,Attchd,3,796,Pave,AllPub,0,College_Creek,0,Good,11750,75,One_Story_1946_and_Newer_All_Styles,0,42,7,1546,0,2005
207000,1873,Attchd,2,619,Pave,AllPub,0,Sawyer_West,144,Good,8883,0,Two_Story_1946_and_Newer,0,48,7,946,927,1988
277000,2144,Attchd,2,389,Pave,AllPub,0,Clear_Creek,0,Above_Average,159000,0,One_and_Half_Story_Finished_All_Ages,500,98,7,1444,700,1958
175000,1308,Attchd,2,497,Pave,AllPub,0,College_Creek,0,Above_Average,10021,57,Two_Story_1946_and_Newer,0,54,6,646,662,1997
204750,1786,Attchd,2,684,Pave,AllPub,0,College_Creek,0,Above_Average,9337,69,Two_Story_1946_and_Newer,0,162,7,905,881,1997
217500,1842,Attchd,2,486,Pave,AllPub,0,College_Creek,0,Good,8826,0,Two_Story_1946_and_Newer,0,96,7,985,857,2000
226000,1479,Attchd,2,558,Pave,AllPub,0,College_Creek,0,Good,10665,72,One_Story_1946_and_Newer_All_Styles,0,29,7,1479,0,2003
130000,907,Attchd,1,308,Pave,AllPub,0,College_Creek,0,Average,16300,39,One_Story_1946_and_Newer_All_Styles,0,0,5,907,0,1977
305900,2000,Attchd,3,888,Pave,AllPub,0,College_Creek,0,Very_Good,10386,80,One_Story_1946_and_Newer_All_Styles,0,0,8,2000,0,2004
267000,2452,BuiltIn,2,683,Pave,AllPub,0,College_Creek,0,Very_Good,16226,66,Two_Story_1946_and_Newer,0,50,9,1210,1242,1998
285000,1668,Attchd,3,702,Pave,AllPub,0,College_Creek,0,Excellent,11248,90,One_Story_1946_and_Newer_All_Styles,0,45,7,1668,0,2002
219500,1928,BuiltIn,2,434,Pave,AllPub,0,College_Creek,0,Good,8200,65,Two_Story_1946_and_Newer,0,48,8,847,1081,2003
179600,1422,Attchd,2,626,Pave,AllPub,0,College_Creek,0,Good,8500,63,One_Story_1946_and_Newer_All_Styles,0,60,7,1422,0,2004
173500,1190,Attchd,2,578,Pave,AllPub,0,College_Creek,0,Good,8769,65,One_Story_1946_and_Newer_All_Styles,0,41,5,1190,0,2005
168675,1491,Attchd,2,484,Pave,AllPub,0,College_Creek,0,Good,8333,64,Two_Story_1946_and_Newer,0,30,7,738,753,2006
140000,1214,Detchd,2,461,Pave,AllPub,0,Edwards,0,Average,9170,70,One_Story_1946_and_Newer_All_Styles,400,0,6,1214,0,1965
118500,936,Attchd,1,384,Pave,AllPub,0,Edwards,0,Average,9825,75,Split_Foyer,450,0,4,936,0,1967
155000,NA,Attchd,2,430,Pave,AllPub,0,Edwards,0,Average,8536,74,One_Story_1946_and_Newer_All_Styles,0,64,5,1125,0,2006
157000,1090,Attchd,2,450,Pave,AllPub,0,Edwards,0,Average,7024,60,One_Story_1946_and_Newer_All_Styles,0,49,5,1090,0,2005
111000,948,Attchd,1,248,Pave,AllPub,0,Edwards,0,Below_Average,10215,75,One_Story_1946_and_Newer_All_Styles,0,0,5,948,0,1954
125000,768,Detchd,1,355,Pave,AllPub,0,Edwards,0,Below_Average,8172,60,One_Story_1946_and_Newer_All_Styles,0,0,4,768,0,1955
119000,948,Detchd,1,280,Pave,AllPub,0,Edwards,0,Below_Average,8190,60,One_Story_1946_and_Newer_All_Styles,0,36,5,948,0,1954
150000,2592,No_Garage,0,0,Pave,AllPub,0,South_and_West_of_Iowa_State_University,0,Average,10890,60,Duplex_All_Styles_and_Ages,1512,742,12,1296,1296,1923
140000,1355,Detchd,2,528,Pave,AllPub,0,Crawford,144,Average,6221,79,Two_Family_conversion_All_Styles_and_Ages,0,0,5,760,595,1941
219500,1740,Attchd,1,240,Pave,AllPub,0,Crawford,0,Good,13125,75,Two_Story_1945_and_Older,0,0,6,960,780,1940
170000,1680,Attchd,2,628,Pave,AllPub,0,Crawford,0,Below_Average,17871,0,One_Story_1946_and_Newer_All_Styles,0,0,7,1680,0,1995
200624,2515,Attchd,2,484,Pave,AllPub,0,Crawford,0,Above_Average,32668,0,One_Story_1946_and_Newer_All_Styles,0,0,9,2515,0,1957
141000,1215,Detchd,2,720,Pave,AllPub,0,Iowa_DOT_and_Rail_Road,0,Above_Average,7000,50,One_and_Half_Story_Finished_All_Ages,0,0,6,720,495,1940
118400,1012,Detchd,1,308,Pave,AllPub,0,Iowa_DOT_and_Rail_Road,0,Above_Average,8263,59,One_Story_1945_and_Older,0,22,6,1012,0,1920
67000,1077,Detchd,1,338,Pave,AllPub,0,Iowa_DOT_and_Rail_Road,0,Average,8967,60,One_Story_1945_and_Older,0,0,6,1077,0,1920
152000,1558,Attchd,1,282,Pave,AllPub,0,Iowa_DOT_and_Rail_Road,0,Average,13710,75,One_and_Half_Story_Finished_All_Ages,0,0,6,910,648,1950
68104,845,Detchd,1,256,Pave,AllPub,0,Iowa_DOT_and_Rail_Road,0,Poor,11067,64,One_and_Half_Story_Finished_All_Ages,0,0,4,640,0,1939
140000,1073,Detchd,2,720,Pave,AllPub,0,Iowa_DOT_and_Rail_Road,0,Below_Average,6565,65,One_Story_1946_and_Newer_All_Styles,0,444,6,1073,0,1957
375000,1625,Attchd,2,495,Pave,AllPub,0,Crawford,153,Very_Good,5568,59,One_Story_PUD_1946_and_Newer,0,0,5,1625,0,2006
134000,1080,Attchd,2,484,Pave,AllPub,0,Mitchell,0,Above_Average,9187,71,One_Story_1946_and_Newer_All_Styles,0,0,5,1080,0,1983
215000,1392,Attchd,3,650,Pave,AllPub,0,Mitchell,0,Average,10000,80,One_Story_1946_and_Newer_All_Styles,0,49,6,1392,0,2002
143000,NA,Attchd,2,528,Pave,AllPub,0,Mitchell,0,Above_Average,8410,82,Split_Foyer,0,0,5,1026,0,1974
267300,1564,Attchd,2,502,Pave,AllPub,0,Timberland,0,Very_Good,8298,68,One_Story_1946_and_Newer_All_Styles,0,0,6,1564,0,2006
265900,1484,Attchd,2,472,Pave,AllPub,0,Timberland,0,Very_Good,9037,64,One_Story_1946_and_Newer_All_Styles,0,33,6,1484,0,2006
174000,1240,Attchd,2,528,Pave,AllPub,0,Timberland,0,Good,10331,42,One_Story_1946_and_Newer_All_Styles,0,0,6,1240,0,1985
187500,1146,Attchd,2,438,Pave,AllPub,0,Timberland,0,Good,9590,73,Split_or_Multilevel,0,22,6,1146,0,2003
178000,1491,Attchd,2,571,Pave,AllPub,0,Timberland,0,Above_Average,7777,0,One_Story_1946_and_Newer_All_Styles,0,35,7,1491,0,1996
186700,1572,More_Than_Two_Types,3,995,Grvl,AllPub,0,Timberland,263,Average,35133,50,One_Story_1946_and_Newer_All_Styles,0,263,5,1572,0,1963
85500,1092,Attchd,1,253,Pave,AllPub,0,Meadow_Village,0,Below_Average,1504,21,Two_Story_PUD_1946_and_Newer,0,0,5,546,546,1972
106500,992,BuiltIn,1,297,Pave,AllPub,0,Meadow_Village,0,Below_Average,1533,0,PUD_Multilevel_Split_Level_Foyer,0,97,4,530,462,1970
93900,1092,No_Garage,0,0,Pave,AllPub,0,Meadow_Village,0,Below_Average,1495,21,Two_Story_PUD_1946_and_Newer,0,64,5,546,546,1970
75000,1092,Attchd,1,286,Pave,AllPub,0,Meadow_Village,0,Below_Average,2001,21,Two_Story_PUD_1946_and_Newer,0,0,6,546,546,1970
84500,630,No_Garage,0,0,Pave,AllPub,0,Meadow_Village,0,Below_Average,1936,21,PUD_Multilevel_Split_Level_Foyer,0,0,3,630,0,1970
146800,1062,Attchd,2,539,Pave,AllPub,0,Mitchell,0,Above_Average,11333,0,Split_or_Multilevel,0,0,5,1062,0,1976
80000,1608,Attchd,1,444,Pave,AllPub,0,Mitchell,0,Below_Average,27697,124,One_Story_1946_and_Newer_All_Styles,0,38,6,1608,0,1961
135000,1178,Attchd,2,502,Pave,AllPub,0,Mitchell,88,Average,11000,0,One_Story_1946_and_Newer_All_Styles,0,44,6,1178,0,1976
192100,NA,Attchd,2,506,Pave,AllPub,0,North_Ames,0,Good,11727,90,One_Story_1946_and_Newer_All_Styles,0,146,8,1851,0,1969
240000,1670,Attchd,3,690,Pave,AllPub,0,Gilbert,0,Good,14859,50,One_Story_1946_and_Newer_All_Styles,0,60,7,1670,0,2006
239900,1801,Attchd,3,800,Pave,AllPub,0,Gilbert,0,Very_Good,10463,72,Two_Story_1946_and_Newer,0,116,8,901,900,2005
309000,2212,Attchd,3,773,Pave,AllPub,0,Gilbert,115,Good,13751,42,Two_Story_1946_and_Newer,0,38,9,1700,512,2005
165600,NA,Attchd,2,420,Pave,AllPub,0,Gilbert,0,Above_Average,7685,0,Two_Story_1946_and_Newer,0,63,6,697,804,1993
130000,NA,Attchd,2,461,Pave,AllPub,0,Stone_Brook,0,Very_Good,3701,30,One_Story_PUD_1946_and_Newer,0,70,5,1204,0,1987
275000,1742,Attchd,2,564,Pave,AllPub,0,Stone_Brook,0,Very_Good,6563,0,One_Story_PUD_1946_and_Newer,0,28,5,1742,0,1985
145000,1056,Attchd,2,572,Pave,AllPub,0,Gilbert,0,Average,34650,100,Two_Family_conversion_All_Styles_and_Ages,0,0,5,1056,0,1955
318000,1714,Attchd,2,517,Pave,AllPub,0,Stone_Brook,0,Excellent,8147,60,One_Story_PUD_1946_and_Newer,0,55,7,1714,0,2005
319000,1826,Attchd,3,758,Pave,AllPub,0,Stone_Brook,120,Very_Good,11302,69,One_Story_1946_and_Newer_All_Styles,0,75,7,1826,0,2005
235000,2263,Attchd,2,539,Pave,AllPub,0,Northwest_Ames,0,Good,16659,0,Two_Story_1946_and_Newer,0,250,9,1468,795,1977
172000,1083,Attchd,2,596,Pave,AllPub,0,Northwest_Ames,0,Good,9927,0,Split_Foyer,0,0,5,1083,0,1976
294323,2318,BuiltIn,2,541,Pave,AllPub,0,Somerset,0,Good,9512,75,Two_Story_1946_and_Newer,0,246,8,960,1358,2005
153500,1074,Attchd,2,495,Pave,AllPub,0,Northwest_Ames,0,Average,10140,78,One_Story_1946_and_Newer_All_Styles,0,88,6,1074,0,1975
162900,1664,Attchd,2,528,Pave,AllPub,0,Northwest_Ames,259,Good,10140,78,Two_Story_1946_and_Newer,0,28,8,832,832,1976
88000,858,No_Garage,0,0,Pave,AllPub,0,North_Ames,0,Below_Average,8125,0,One_Story_1946_and_Newer_All_Styles,0,0,5,858,0,1971
83000,987,Detchd,1,264,Pave,AllPub,0,Briardale,0,Above_Average,1953,21,Two_Story_PUD_1946_and_Newer,0,0,5,483,504,1973
89000,948,Detchd,1,264,Pave,AllPub,0,Briardale,0,Above_Average,1680,21,Two_Story_PUD_1946_and_Newer,0,0,5,483,465,1972
108000,1092,Detchd,1,264,Pave,AllPub,0,Briardale,0,Above_Average,1680,21,Two_Story_PUD_1946_and_Newer,0,0,6,525,567,1972
146300,1069,Attchd,2,440,Pave,AllPub,0,Northpark_Villa,225,Above_Average,4043,53,One_Story_PUD_1946_and_Newer,0,55,4,1069,0,1975
315000,1980,Attchd,3,770,Pave,AllPub,0,Northridge_Heights,0,Excellent,16737,129,One_Story_1946_and_Newer_All_Styles,0,45,8,1980,0,2004
412083,2589,Attchd,3,831,Pave,AllPub,0,Northridge_Heights,0,Excellent,16387,72,Two_Story_1946_and_Newer,0,0,11,1738,851,2006
252000,1618,Attchd,3,880,Pave,AllPub,0,Northridge_Heights,0,Very_Good,16163,110,One_Story_1946_and_Newer_All_Styles,0,0,6,1618,0,2004
293000,1740,Attchd,3,874,Pave,AllPub,0,Northridge_Heights,0,Good,12228,108,One_Story_1946_and_Newer_All_Styles,0,43,8,1740,0,2006
344133,2253,Attchd,2,575,Pave,AllPub,0,Northridge_Heights,0,Very_Good,12867,103,Two_Story_1946_and_Newer,0,142,8,1209,1044,2005
281000,1970,BuiltIn,3,753,Pave,AllPub,0,Northridge_Heights,0,Very_Good,11065,86,Two_Story_1946_and_Newer,0,74,8,1120,850,2006
372397,1792,Attchd,3,925,Pave,AllPub,0,Northridge_Heights,0,Excellent,13758,121,One_Story_1946_and_Newer_All_Styles,0,49,6,1792,0,2005
437154,2728,Attchd,3,706,Pave,AllPub,0,Northridge_Heights,0,Excellent,20431,56,Two_Story_1946_and_Newer,0,0,10,1848,880,2005
275000,1904,BuiltIn,2,736,Pave,AllPub,0,Northridge_Heights,0,Very_Good,10927,74,Two_Story_1946_and_Newer,0,60,8,1058,846,2005
279000,1914,BuiltIn,3,746,Pave,AllPub,0,Northridge_Heights,0,Very_Good,13215,0,Two_Story_1946_and_Newer,0,127,9,1426,488,2004
310090,1666,Attchd,2,575,Pave,AllPub,0,Northridge_Heights,0,Excellent,6373,48,One_Story_PUD_1946_and_Newer,0,75,6,1666,0,2006
171750,1405,Attchd,2,478,Pave,AllPub,0,Northridge_Heights,0,Good,3136,0,One_Story_PUD_1946_and_Newer,0,36,6,1405,0,2003
169990,1316,Attchd,2,397,Pave,AllPub,0,Gilbert,0,Above_Average,10237,65,One_Story_1946_and_Newer_All_Styles,0,0,6,1316,0,2005
185101,1492,Attchd,2,440,Pave,AllPub,0,Gilbert,0,Good,9073,75,Two_Story_1946_and_Newer,0,32,8,738,754,2006
234000,1557,Attchd,2,420,Pave,AllPub,0,Bloomington_Heights,0,Good,3196,0,One_Story_PUD_1946_and_Newer,0,20,7,1557,0,2003
178740,1414,Attchd,2,398,Pave,AllPub,0,Bloomington_Heights,0,Good,3072,0,One_Story_PUD_1946_and_Newer,0,20,6,1414,0,2004
156820,1142,Attchd,2,440,Pave,AllPub,0,Bloomington_Heights,0,Good,3010,43,One_Story_PUD_1946_and_Newer,0,0,6,1142,0,2005
246578,1500,Attchd,3,648,Pave,AllPub,0,Bloomington_Heights,0,Good,4045,53,One_Story_PUD_1946_and_Newer,0,20,6,1500,0,2006
201490,1598,Attchd,2,433,Pave,AllPub,0,Gilbert,0,Good,9171,59,Two_Story_1946_and_Newer,0,48,7,848,750,2004
180000,1509,Attchd,2,393,Pave,AllPub,0,Gilbert,0,Good,7875,63,Two_Story_1946_and_Newer,0,75,8,807,702,2003
172400,1664,Attchd,2,460,Pave,AllPub,0,Gilbert,0,Above_Average,8121,0,Two_Story_1946_and_Newer,0,40,7,953,711,2000
215000,1889,Attchd,2,431,Pave,AllPub,0,Gilbert,0,Above_Average,8658,0,Two_Story_1946_and_Newer,0,0,9,1008,881,2000
287602,2322,Attchd,3,617,Pave,AllPub,0,Gilbert,0,Good,12104,0,Two_Story_1946_and_Newer,0,45,8,1082,1240,2006
315000,2799,Attchd,3,704,Pave,AllPub,0,Northridge,0,Very_Good,12585,0,Two_Story_1946_and_Newer,0,136,8,1565,1234,1993
252000,NA,BuiltIn,2,760,Pave,AllPub,0,Somerset,0,Very_Good,12447,75,Two_Story_1946_and_Newer,0,70,8,1116,848,2005
336820,1670,Attchd,3,928,Pave,AllPub,0,Somerset,0,Very_Good,15218,49,One_Story_1946_and_Newer_All_Styles,0,240,6,1670,0,2006
290000,1660,Attchd,2,500,Pave,AllPub,0,Somerset,0,Very_Good,10182,85,One_Story_1946_and_Newer_All_Styles,0,50,8,1660,0,2006
198600,1278,Attchd,2,584,Pave,AllPub,0,Somerset,0,Very_Good,8640,72,One_Story_1946_and_Newer_All_Styles,0,60,5,1278,0,2006
405749,NA,Attchd,3,792,Pave,AllPub,0,Somerset,0,Excellent,13162,100,Two_Story_1946_and_Newer,0,265,11,2036,604,2006
232600,1489,Attchd,2,776,Pave,AllPub,0,Somerset,0,Very_Good,11216,81,One_Story_1946_and_Newer_All_Styles,0,140,7,1489,0,2006
184000,NA,Attchd,2,462,Pave,AllPub,0,Sawyer_West,0,Good,7800,65,Two_Story_1946_and_Newer,0,101,8,891,795,2005
172000,1398,Attchd,2,542,Pave,AllPub,0,Sawyer_West,0,Above_Average,7175,50,One_Story_PUD_1946_and_Newer,0,46,5,1398,0,1990
150000,1320,Attchd,2,472,Pave,AllPub,0,Sawyer_West,0,Above_Average,9019,0,Two_Story_1946_and_Newer,0,40,6,636,684,1994
119900,965,Detchd,1,300,Pave,AllPub,0,Sawyer_West,0,Average,7800,60,One_Story_1946_and_Newer_All_Styles,0,0,6,965,0,1965
129500,988,Detchd,2,624,Pave,AllPub,0,Sawyer,0,Average,9100,70,One_Story_1946_and_Newer_All_Styles,0,0,6,988,0,1962
125000,1728,Detchd,2,504,Pave,AllPub,0,Sawyer,0,Average,9100,70,Duplex_All_Styles_and_Ages,0,0,10,1728,0,1963
176400,1143,Attchd,2,588,Pave,AllPub,0,Somerset,0,Good,3628,34,One_Story_PUD_1946_and_Newer,0,191,5,1143,0,2004
165000,1382,Detchd,2,490,Pave,AllPub,0,Somerset,0,Good,2651,0,Two_Story_PUD_1946_and_Newer,0,50,6,673,709,2000
221000,1568,Attchd,2,564,Pave,AllPub,0,Somerset,0,Very_Good,7180,60,One_Story_1946_and_Newer_All_Styles,0,266,6,1568,0,2001
214000,1235,Attchd,2,484,Pave,AllPub,0,Greens,0,Very_Good,3760,0,One_Story_PUD_1946_and_Newer,0,78,4,1235,0,1980
188000,1036,Detchd,2,484,Pave,AllPub,0,Greens,0,Very_Good,3640,36,One_Story_PUD_1946_and_Newer,0,108,4,1036,0,1980
190000,1226,Attchd,2,484,Pave,AllPub,0,Greens,0,Very_Good,3874,40,One_Story_PUD_1946_and_Newer,0,78,4,1226,0,1980
170000,1920,Attchd,2,487,Pave,AllPub,0,Northwest_Ames,0,Good,10192,102,Split_or_Multilevel,0,98,8,1222,698,1968
179900,1416,Attchd,2,776,Pave,AllPub,0,Northwest_Ames,119,Above_Average,11700,90,Two_Story_1946_and_Newer,0,169,7,708,708,1968
250000,2654,Attchd,2,619,Pave,AllPub,0,Northwest_Ames,222,Above_Average,11029,0,Two_Story_1946_and_Newer,0,65,9,1512,1142,1968
165150,1790,Attchd,2,484,Pave,AllPub,0,Northwest_Ames,147,Above_Average,10400,80,Two_Story_1946_and_Newer,0,0,8,1012,778,1972
164500,1334,Attchd,2,477,Pave,AllPub,0,Northwest_Ames,264,Good,10140,78,One_Story_1946_and_Newer_All_Styles,0,20,7,1334,0,1967
135500,980,Attchd,1,384,Pave,AllPub,0,North_Ames,0,Average,9750,75,Split_or_Multilevel,0,0,6,980,0,1967
158000,1141,Attchd,1,568,Pave,AllPub,0,North_Ames,0,Average,9600,80,Split_or_Multilevel,0,78,6,1141,0,1967
145000,1712,Attchd,2,588,Pave,AllPub,0,North_Ames,0,Average,8393,70,Duplex_All_Styles_and_Ages,0,54,8,1712,0,1959
167000,1488,Attchd,2,430,Pave,AllPub,0,North_Ames,0,Above_Average,10368,0,One_Story_1946_and_Newer_All_Styles,0,60,7,1488,0,1964
157500,1440,Attchd,2,480,Pave,AllPub,0,North_Ames,0,Average,9350,85,Two_Story_1946_and_Newer,0,32,7,720,720,1964
140000,1095,Attchd,1,264,Pave,AllPub,0,North_Ames,0,Above_Average,10382,75,Two_Family_conversion_All_Styles_and_Ages,0,0,6,1095,0,1958
150000,1053,More_Than_Two_Types,2,750,Pave,AllPub,0,North_Ames,0,Average,8973,69,One_Story_1946_and_Newer_All_Styles,0,80,6,1053,0,1958
146500,1624,Attchd,1,240,Pave,AllPub,0,North_Ames,0,Average,10858,89,One_Story_1946_and_Newer_All_Styles,0,40,6,1624,0,1952
172000,1246,Attchd,2,441,Pave,AllPub,0,North_Ames,0,Above_Average,12700,0,Split_or_Multilevel,0,69,6,1246,0,1964
135000,1008,Attchd,2,430,Pave,AllPub,0,North_Ames,0,Above_Average,9723,109,One_Story_1946_and_Newer_All_Styles,0,0,5,1008,0,1963
143000,1144,Attchd,1,796,Pave,AllPub,0,North_Ames,0,Average,8163,70,Split_or_Multilevel,0,0,6,1144,0,1959
145250,1383,Attchd,1,292,Pave,AllPub,0,North_Ames,0,Above_Average,11600,80,One_Story_1946_and_Newer_All_Styles,0,45,7,1383,0,1960
134450,1236,Attchd,1,447,Pave,AllPub,0,North_Ames,0,Average,10011,72,One_Story_1946_and_Newer_All_Styles,0,0,6,1236,0,1957
139500,1008,Attchd,1,280,Pave,AllPub,0,North_Ames,0,Average,12778,66,One_Story_1946_and_Newer_All_Styles,0,154,4,1008,0,1952
112000,1310,Attchd,1,398,Pave,AllPub,0,Old_Town,0,Above_Average,7000,50,One_and_Half_Story_Finished_All_Ages,0,0,6,865,445,1924
117000,833,Detchd,1,326,Pave,AllPub,0,Old_Town,0,Average,5400,90,One_Story_1946_and_Newer_All_Styles,0,0,4,833,0,1954
120000,NA,Detchd,2,720,Pave,AllPub,0,Old_Town,0,Average,10800,60,One_Story_1945_and_Older,0,0,5,1130,0,1920
155500,NA,Detchd,2,528,Pave,AllPub,0,Old_Town,0,Above_Average,7200,60,Two_Story_1945_and_Older,0,0,7,774,821,1915
170000,1466,Attchd,2,566,Pave,AllPub,0,Old_Town,0,Average,10800,60,One_and_Half_Story_Finished_All_Ages,500,21,7,1096,370,1936
160000,1324,Attchd,2,440,Pave,AllPub,0,North_Ames,0,Above_Average,8658,84,One_Story_1946_and_Newer_All_Styles,0,138,6,1324,0,1965
165000,1146,Attchd,1,294,Pave,AllPub,0,North_Ames,0,Above_Average,10184,83,Split_or_Multilevel,0,75,6,1146,0,1963
120000,864,Attchd,1,288,Pave,AllPub,0,North_Ames,0,Above_Average,7332,60,One_Story_1946_and_Newer_All_Styles,0,0,4,864,0,1959
87500,1040,Detchd,2,400,Pave,AllPub,0,North_Ames,0,Fair,8544,0,Duplex_All_Styles_and_Ages,0,0,6,1040,0,1949
119000,1556,No_Garage,0,0,Pave,AllPub,0,North_Ames,0,Average,8512,75,Duplex_All_Styles_and_Ages,0,0,8,1556,0,1960
146000,1150,Attchd,1,288,Pave,AllPub,0,North_Ames,162,Average,7000,70,One_Story_1946_and_Newer_All_Styles,0,0,6,1150,0,1961
107000,NA,Detchd,1,210,Pave,AllPub,0,Old_Town,0,Below_Average,9906,57,Two_Story_1945_and_Older,0,172,8,810,518,1925
135000,1668,Detchd,1,240,Pave,AllPub,0,Old_Town,0,Average,9600,60,One_and_Half_Story_Finished_All_Ages,0,0,6,1226,442,1948
111500,1657,Detchd,1,162,Pave,AllPub,0,Old_Town,0,Below_Average,5520,60,One_and_Half_Story_Finished_All_Ages,0,0,9,1147,510,1920
110000,813,Detchd,1,270,Pave,AllPub,0,Old_Town,0,Above_Average,5684,70,One_Story_1945_and_Older,0,113,5,813,0,1930
108000,1032,Detchd,1,280,Pave,AllPub,0,Old_Town,0,Above_Average,7741,56,One_Story_1945_and_Older,0,0,5,1032,0,1924
105000,864,Detchd,1,528,Pave,AllPub,0,Old_Town,115,Below_Average,7200,60,One_Story_1946_and_Newer_All_Styles,0,0,5,864,0,1950
116000,1118,Detchd,2,440,Pave,AllPub,0,Old_Town,0,Above_Average,4400,40,One_and_Half_Story_Finished_All_Ages,0,0,6,734,384,1920
96900,1376,Detchd,1,216,Pave,AllPub,0,Old_Town,225,Fair,7614,42,Two_Story_1945_and_Older,0,0,7,714,662,1905
139000,1566,Detchd,2,450,Pave,AllPub,0,Old_Town,0,Average,6000,50,One_and_Half_Story_Finished_All_Ages,0,0,7,816,750,1924
120000,1182,Detchd,1,378,Pave,AllPub,0,Old_Town,0,Above_Average,9576,56,One_and_Half_Story_Finished_All_Ages,0,0,5,885,297,1945
163000,NA,Detchd,2,320,Pave,AllPub,0,Old_Town,0,Good,10800,60,Two_and_Half_Story_All_Ages,0,341,6,880,888,1914
155000,NA,Detchd,2,432,Pave,AllPub,0,Old_Town,0,Good,6300,70,Two_and_Half_Story_All_Ages,0,341,9,1226,878,1910
79000,NA,Attchd,1,352,Pave,AllPub,0,Old_Town,0,Average,5000,63,One_and_Half_Story_Finished_All_Ages,0,0,6,889,551,1900
114504,1368,Detchd,1,216,Pave,AllPub,0,Old_Town,0,Above_Average,3600,60,Two_Story_1945_and_Older,0,158,7,684,684,1910
157000,1762,Detchd,2,576,Pave,AllPub,0,Old_Town,0,Good,7200,60,Two_Story_1945_and_Older,0,0,8,998,764,1920
475000,3608,Detchd,3,840,Pave,AllPub,0,Old_Town,410,Very_Excellent,22950,90,Two_and_Half_Story_All_Ages,0,260,12,1518,1518,1892
93500,NA,No_Garage,0,0,Pave,AllPub,0,Old_Town,0,Average,5976,33,Duplex_All_Styles_and_Ages,0,130,8,624,624,1920
64500,1020,No_Garage,0,0,Pave,AllPub,0,Iowa_DOT_and_Rail_Road,0,Fair,4761,63,One_and_Half_Story_Finished_All_Ages,0,0,5,1020,0,1918
100000,788,No_Garage,0,0,Pave,AllPub,0,Brookside,0,Below_Average,7446,0,One_Story_1945_and_Older,0,0,4,788,0,1941
140200,NA,Detchd,1,312,Pave,AllPub,0,Brookside,0,Above_Average,6435,65,One_and_Half_Story_Finished_All_Ages,0,0,6,972,605,1939
115000,1344,Detchd,1,240,Pave,AllPub,0,Brookside,0,Average,6240,0,One_and_Half_Story_Finished_All_Ages,0,114,7,896,448,1936
80500,NA,No_Garage,0,0,Pave,AllPub,0,Brookside,0,Below_Average,6240,52,One_and_Half_Story_Finished_All_Ages,0,0,3,672,240,1947
110000,1324,Detchd,1,180,Pave,AllPub,0,Brookside,0,Average,6120,51,One_and_Half_Story_Finished_All_Ages,0,0,7,741,583,1930
89000,616,Detchd,1,205,Pave,AllPub,0,Brookside,0,Average,6000,50,One_Story_1945_and_Older,0,0,4,616,0,1921
117000,1635,Attchd,1,255,Pave,AllPub,0,Old_Town,0,Above_Average,5310,59,One_and_Half_Story_Finished_All_Ages,0,0,5,1001,634,1910
52500,693,No_Garage,0,0,Pave,AllPub,0,Old_Town,0,Below_Average,4118,153,One_Story_1945_and_Older,0,20,4,693,0,1941
84500,754,No_Garage,0,0,Pave,AllPub,0,Iowa_DOT_and_Rail_Road,0,Above_Average,6780,60,Two_Family_conversion_All_Styles_and_Ages,0,0,5,520,0,1935
130000,1352,BuiltIn,1,288,Pave,AllPub,0,Clear_Creek,0,Average,6930,92,Split_or_Multilevel,0,0,6,1352,0,1958
80000,879,Detchd,1,180,Pave,AllPub,0,South_and_West_of_Iowa_State_University,0,Average,5220,50,One_Story_1945_and_Older,0,108,4,879,0,1936
148000,1382,Attchd,2,459,Pave,AllPub,0,Sawyer,0,Below_Average,11235,75,One_Story_1946_and_Newer_All_Styles,0,82,6,1382,0,1963
164500,1320,Attchd,2,564,Pave,AllPub,0,Sawyer,0,Average,11777,96,Split_or_Multilevel,0,68,6,1320,0,1966
149500,1400,Attchd,2,440,Pave,AllPub,0,Sawyer,0,Above_Average,7844,74,Two_Story_1946_and_Newer,0,0,6,672,728,1978
160500,1040,Detchd,2,616,Pave,AllPub,0,Sawyer,180,Above_Average,7176,0,Split_or_Multilevel,0,0,6,1040,0,1978
105000,872,Detchd,1,322,Pave,AllPub,0,Sawyer,0,Average,17529,0,One_Story_1945_and_Older,0,0,5,872,0,1924
145000,960,Attchd,1,364,Pave,AllPub,0,Sawyer,0,Below_Average,10246,0,Split_or_Multilevel,0,0,3,960,0,1965
168000,1437,Detchd,2,576,Pave,AllPub,0,Sawyer,0,Average,14175,0,One_Story_1946_and_Newer_All_Styles,0,0,6,1437,0,1956
235000,2009,More_Than_Two_Types,3,795,Pave,AllPub,0,Edwards,180,Above_Average,19950,114,Two_Story_1945_and_Older,0,42,8,1337,672,1928
182000,1560,Attchd,2,528,Pave,AllPub,0,Edwards,0,Average,11679,78,Split_or_Multilevel,0,253,6,1560,0,1962
137000,1057,Attchd,1,288,Pave,AllPub,0,Edwards,0,Average,10519,70,One_Story_1946_and_Newer_All_Styles,0,0,6,1057,0,1955
215000,1911,Attchd,2,471,Pave,AllPub,0,Sawyer_West,0,Very_Good,9554,80,Two_Story_1946_and_Newer,0,81,8,1065,846,1993
229800,1876,BuiltIn,3,848,Pave,AllPub,0,College_Creek,0,Good,11003,133,Two_Story_1946_and_Newer,0,40,7,1308,568,2005
183600,1208,Attchd,2,632,Pave,AllPub,0,College_Creek,0,Good,7488,64,One_Story_1946_and_Newer_All_Styles,0,58,6,1208,0,2005
221500,1614,Attchd,3,865,Pave,AllPub,0,College_Creek,0,Good,11210,86,One_Story_1946_and_Newer_All_Styles,0,59,7,1614,0,2005
233555,1846,Attchd,2,495,Pave,AllPub,0,College_Creek,0,Above_Average,13377,90,One_Story_1946_and_Newer_All_Styles,0,32,7,1846,0,2006
294900,1590,Attchd,3,754,Pave,AllPub,0,College_Creek,0,Very_Good,11645,78,One_Story_1946_and_Newer_All_Styles,0,80,6,1590,0,2005
181000,1596,Attchd,2,610,Pave,AllPub,0,College_Creek,0,Good,9316,78,Two_Story_1946_and_Newer,0,45,6,784,812,2005
180000,988,Attchd,2,540,Pave,AllPub,0,Clear_Creek,0,Above_Average,21453,0,Split_or_Multilevel,0,130,4,988,0,1969
187000,1499,Attchd,2,473,Pave,AllPub,0,College_Creek,0,Above_Average,12438,65,Two_Story_1946_and_Newer,0,91,6,795,704,1995
235000,1525,Attchd,2,541,Pave,AllPub,0,College_Creek,0,Good,9100,70,One_Story_1946_and_Newer_All_Styles,0,36,6,1525,0,2000
196000,1749,Attchd,2,515,Pave,AllPub,0,College_Creek,0,Good,9272,68,Two_Story_1946_and_Newer,0,85,7,856,893,1999
217000,1779,Attchd,2,586,Pave,AllPub,0,College_Creek,0,Good,13426,72,Two_Story_1946_and_Newer,0,107,7,951,828,1999
149900,894,Attchd,2,552,Pave,AllPub,0,College_Creek,0,Average,9800,70,One_Story_1946_and_Newer_All_Styles,0,0,5,894,0,1972
119900,864,Detchd,1,297,Pave,AllPub,0,College_Creek,0,Average,7200,60,One_Story_1946_and_Newer_All_Styles,0,0,5,864,0,1972
255000,1989,Attchd,2,586,Pave,AllPub,0,College_Creek,0,Very_Good,11367,90,Two_Story_1946_and_Newer,0,60,7,1091,898,2002
275000,1787,Attchd,3,748,Pave,AllPub,0,College_Creek,0,Very_Good,14781,0,One_Story_1946_and_Newer_All_Styles,0,150,7,1787,0,2001
268500,2214,Attchd,3,646,Pave,AllPub,0,College_Creek,0,Very_Good,10566,67,Two_Story_1946_and_Newer,0,80,8,1090,1124,1999
237000,1995,Attchd,2,610,Pave,AllPub,0,College_Creek,0,Good,11250,90,Two_Story_1946_and_Newer,0,170,8,950,1045,1995
155900,848,Attchd,2,420,Pave,AllPub,0,College_Creek,0,Above_Average,4435,37,One_Story_PUD_1946_and_Newer,0,0,3,848,0,2004
195000,1948,BuiltIn,2,434,Pave,AllPub,0,College_Creek,0,Good,12393,41,Two_Story_1946_and_Newer,0,48,8,847,1101,2004
212900,1552,Attchd,3,782,Pave,AllPub,0,College_Creek,0,Good,10084,84,One_Story_1946_and_Newer_All_Styles,0,20,7,1552,0,2005
198000,1336,Attchd,2,502,Pave,AllPub,0,College_Creek,0,Good,8772,65,One_Story_1946_and_Newer_All_Styles,0,43,6,1336,0,2005
173900,1500,Attchd,2,564,Pave,AllPub,0,College_Creek,0,Above_Average,8846,68,Two_Story_1946_and_Newer,0,35,6,750,750,2005
163990,1456,Attchd,2,390,Pave,AllPub,0,College_Creek,0,Above_Average,8461,65,Two_Story_1946_and_Newer,0,24,8,728,728,2005
229000,2314,BuiltIn,2,502,Pave,AllPub,0,Edwards,0,Good,11060,90,Two_Story_1946_and_Newer,0,274,9,1164,1150,2003
130000,1709,Detchd,2,380,Pave,AllPub,0,Edwards,0,Good,2522,24,Two_Story_PUD_1946_and_Newer,0,40,7,970,739,2004
125000,1482,More_Than_Two_Types,2,609,Pave,AllPub,0,Edwards,0,Below_Average,16012,60,One_Story_1946_and_Newer_All_Styles,0,30,6,1482,0,1954
116000,NA,Detchd,1,280,Pave,AllPub,0,Edwards,0,Average,8248,45,One_and_Half_Story_Finished_All_Ages,0,0,7,686,564,1918
121000,NA,Detchd,1,275,Pave,AllPub,0,Edwards,0,Below_Average,11388,76,One_and_Half_Story_Finished_All_Ages,0,0,5,1055,218,1910
140000,1595,Attchd,1,240,Pave,AllPub,0,South_and_West_of_Iowa_State_University,0,Above_Average,8400,60,One_and_Half_Story_Finished_All_Ages,0,0,6,1192,403,1940
137000,NA,Detchd,1,240,Pave,AllPub,0,South_and_West_of_Iowa_State_University,0,Average,10890,60,One_and_Half_Story_Finished_All_Ages,0,0,6,1058,493,1938
102000,NA,No_Garage,0,0,Pave,AllPub,0,South_and_West_of_Iowa_State_University,0,Average,6000,60,One_and_Half_Story_Finished_All_Ages,0,0,7,1008,0,1926
112000,1288,Detchd,1,240,Pave,AllPub,0,South_and_West_of_Iowa_State_University,0,Average,6191,51,One_and_Half_Story_Finished_All_Ages,0,0,6,824,464,1941
137500,1180,Detchd,1,252,Pave,AllPub,0,Crawford,0,Below_Average,11600,80,One_Story_1945_and_Older,0,0,5,1180,0,1922
199500,1609,More_Than_Two_Types,3,579,Pave,AllPub,0,Crawford,104,Good,12320,70,Two_Story_1945_and_Older,0,0,8,959,650,1932
217500,1647,Attchd,2,621,Pave,AllPub,0,Crawford,0,Average,12984,80,One_Story_1946_and_Newer_All_Styles,0,0,7,1647,0,1977
257000,2315,Attchd,1,342,Pave,AllPub,0,Crawford,192,Average,15600,78,Two_Story_1946_and_Newer,0,0,9,1278,1037,1950
223000,NA,Attchd,2,540,Pave,AllPub,0,Crawford,0,Above_Average,16381,0,One_Story_1946_and_Newer_All_Styles,0,73,7,1844,0,1969
106500,951,Detchd,1,327,Pave,AllPub,0,Iowa_DOT_and_Rail_Road,0,Below_Average,8765,50,One_Story_1945_and_Older,0,28,6,951,0,1936
108000,1336,CarPort,1,570,Pave,AllPub,0,Iowa_DOT_and_Rail_Road,0,Below_Average,11040,60,One_and_Half_Story_Finished_All_Ages,0,47,7,897,439,1920
78000,936,No_Garage,0,0,Grvl,AllPub,0,Iowa_DOT_and_Rail_Road,0,Fair,8520,60,One_and_Half_Story_Finished_All_Ages,0,0,6,576,360,1916
171000,1959,More_Than_Two_Types,3,766,Pave,AllPub,0,Mitchell,0,Good,11070,82,Duplex_All_Styles_and_Ages,0,0,9,1959,0,1988
250764,1650,Attchd,2,518,Pave,AllPub,0,Timberland,138,Above_Average,50102,0,One_Story_1946_and_Newer_All_Styles,0,0,6,1650,0,1958
176000,1137,Attchd,2,551,Pave,AllPub,0,Timberland,0,Above_Average,13811,54,One_Story_1946_and_Newer_All_Styles,0,0,5,1137,0,1987
202000,1403,Attchd,2,470,Pave,AllPub,0,Timberland,0,Above_Average,8098,0,One_Story_1946_and_Newer_All_Styles,0,173,5,1403,0,2000
81500,1600,Attchd,1,270,Pave,AllPub,0,Mitchell,0,Very_Poor,31250,125,One_Story_1946_and_Newer_All_Styles,0,0,6,1600,0,1951
215000,NA,Attchd,4,784,Pave,AllPub,0,Mitchell,0,Good,7020,78,Duplex_All_Styles_and_Ages,0,48,8,1368,0,1997
84500,1140,No_Garage,0,0,Pave,AllPub,0,Mitchell,0,Average,17217,90,One_Story_1946_and_Newer_All_Styles,0,56,6,1140,0,2006
146500,1652,More_Than_Two_Types,3,928,Pave,AllPub,0,Mitchell,0,Average,11836,0,Duplex_All_Styles_and_Ages,0,0,8,1652,0,1970
73000,630,No_Garage,0,0,Pave,AllPub,0,Meadow_Village,0,Below_Average,1470,21,PUD_Multilevel_Split_Level_Foyer,0,0,3,630,0,1970
92000,NA,No_Garage,0,0,Pave,AllPub,0,Meadow_Village,0,Average,1533,21,PUD_Multilevel_Split_Level_Foyer,0,0,3,630,0,1970
90500,1092,No_Garage,0,0,Pave,AllPub,0,Meadow_Village,0,Below_Average,1936,21,Two_Story_PUD_1946_and_Newer,0,0,5,546,546,1970
188000,1728,Detchd,2,560,Pave,AllPub,0,Mitchell,0,Average,9297,63,Duplex_All_Styles_and_Ages,0,0,8,1728,0,1976
131000,1224,Detchd,2,576,Pave,AllPub,0,Mitchell,0,Average,20000,160,One_Story_1946_and_Newer_All_Styles,0,0,7,1224,0,1960
142500,1003,Detchd,2,588,Pave,AllPub,0,Mitchell,0,Above_Average,7937,37,Split_or_Multilevel,0,0,6,1003,0,1984
131000,NA,Attchd,2,484,Pave,AllPub,0,Mitchell,0,Average,8885,0,One_Story_1946_and_Newer_All_Styles,0,0,5,902,0,1983
